payment_id,order_id,paid_at,method,amount,wallet_applied,status,currency
P02387,O00528,2026-05-19T18:27:00Z,upi,42.38,0,captured,USD
P00216,O00286,2026-06-28T08:39:00+05:30,netbanking,57.63,0.11,captured,USD
P01419,O00167,06-04-2025 14:08,netbanking,2327.6,0,captured,INR
P02526,O00119,2025-11-24T00:09:00+05:30,upi,364.21,0,captured,INR
P02373,O00408,2026-07-06T01:21:00+05:30,upi,484.42,0,captured,INR
P00277,O00553,2026-01-15T21:40:00+05:30,wallet,2703.5,0,captured,INR
P00274,O01561,2026-03-28T16:21:00+05:30,card,1880.25,0,captured,INR
P00842,O01131,15-11-2025 12:33,wallet,2637.34,0,captured,INR
P01240,O00960,2026-05-22T11:45:00+05:30,cod,884.92,0,refunded,INR
P00226,O00470,2026-04-27T12:21:00+05:30,wallet,23.11,0,failed,USD
P02434,O00249,22-02-2026 22:46,wallet,1402.86,0,captured,INR
P02043,O02017,05-07-2026 02:50,upi,641.32,0,captured,INR
P00224,O01500,2025-09-24T11:55:00Z,upi,6.79,0.03,captured,USD
P00680,O01038,30-01-2026 15:49,,14.69,0.07,captured,USD
P01609,O01529,2026-07-06T12:26:00Z,upi,2803.44,0,captured,INR
P01176,O01811,2026-06-25T23:22:00+05:30,card,693.48,0,captured,INR
P00348,O00107,2026-02-09T08:58:00+05:30,card,8,0,captured,USD
P01376,O00451,2025-09-04T10:26:00+05:30,card,1948.05,0,refunded,INR
P00412,O00732,24-06-2026 01:06,card,716.54,0,captured,INR
P01066,O01342,2026-07-13T22:55:00+05:30,card,,0,captured,INR
P02282,O01316,28-09-2025 18:30,netbanking,1840.63,0,captured,INR
P00147,O01060,2026-07-02T00:12:00Z,card,1026.6,0,captured,INR
P01140,O01116,2025-04-29T12:17:00+05:30,cod,541.42,0,captured,INR
P01982,O00191,26-11-2025 07:11,card,3169.67,0,failed,INR
P01458,O01325,2026-06-28T10:59:00+05:30,wallet,2417.47,0,failed,INR
P02775,O00886,28-12-2025 10:57,upi,3310.49,0,captured,INR
P00250,O00462,2025-12-06T06:29:00Z,upi,526.03,0,captured,INR
P01916,O01245,18-04-2026 10:32,netbanking,6.03,0,captured,USD
P02719,O00576,03-02-2026 20:19,card,330.4,0,captured,INR
P01542,O01746,2026-07-08T23:12:00+05:30,upi,15.29,0,refunded,USD
P01964,O01322,04-06-2026 19:42,card,55.15,0,captured,USD
P00929,O01058,2026-07-16T06:35:00+05:30,wallet,714.64,50,captured,INR
P00652,O01661,2026-01-25T06:48:00+05:30,card,362.93,120.98,captured,INR
P01381,O01266,26-06-2026 09:23,netbanking,11.36,0,pending,USD
P01842,O00370,02-06-2026 19:49,netbanking,318.53,0,captured,INR
P00211,O00500,10-03-2026 14:29,wallet,41.45,0,captured,USD
P00329,O00800,2026-06-19T18:42:00+05:30,netbanking,5.83,0,captured,USD
P00288,O01315,2026-02-24T22:18:00+05:30,netbanking,1152.61,0,refunded,INR
P01149,O01850,2026-02-27T16:46:00Z,wallet,3833.18,15,captured,INR
P01493,O01563,2026-01-19T08:19:00Z,netbanking,1882.19,0,captured,INR
P01645,O00138,2026-06-11T18:12:00+05:30,upi,7.43,0,captured,USD
P01657,O01368,27-06-2026 01:11,cod,1071.39,200,captured,INR
P00709,O00660,2025-11-26T17:38:00+05:30,cod,2729.73,0,failed,INR
P00781,O00934,2026-03-30T23:48:00+05:30,upi,5.64,0,captured,USD
P01118,O01626,2025-08-09T20:27:00+05:30,netbanking,1559.23,0,failed,INR
P01206,O00873,2025-12-18T16:54:00+05:30,netbanking,14.73,0,failed,USD
P01931,O00762,2026-07-05T10:24:00+05:30,netbanking,10.99,0,failed,USD
P02115,O01553,2026-06-30T04:18:00+05:30,card,2885.48,0,refunded,INR
P02011,O00752,2026-05-02T02:03:00+05:30,cod,1779.75,0,failed,INR
P00665,O01855,2026-05-20T20:08:00+05:30,card,2844.44,0,failed,INR
P01821,O02055,2025-09-19T18:27:00Z,wallet,30.28,0,captured,USD
P00871,O01869,2026-05-17T21:32:00+05:30,netbanking,498.05,0,pending,INR
P00711,O01002,2025-12-08T03:17:00+05:30,netbanking,5.82,0,captured,USD
P01539,O02072,03-05-2026 04:26,cod,20.25,0,captured,USD
P00150,O00001,05-03-2026 06:03,cod,17.03,0,captured,USD
P01046,O00864,18-02-2026 22:31,netbanking,332.71,0,pending,INR
P00091,O00597,09-06-2026 05:25,cod,4.78,0.01,captured,USD
P01452,O00412,2026-04-19T04:35:00+05:30,cod,1868.2,0,refunded,INR
P00839,O02101,20-03-2026 09:01,netbanking,440.36,0,refunded,INR
P01620,O02015,2026-07-25T16:37:00+05:30,netbanking,4330.43,0,refunded,INR
P01385,O01767,2026-03-21T05:30:00+05:30,wallet,914.56,0,captured,INR
P02784,O01887,2026-04-18T14:28:00+05:30,card,14.23,0,captured,USD
P00517,O00811,2026-04-25T15:10:00+05:30,,869.82,100,captured,INR
P00228,O00064,2026-03-29T16:13:00+05:30,upi,346.83,0,captured,INR
P01343,O00425,2026-03-06T14:59:00+05:30,netbanking,1682.74,0,failed,INR
P00428,O00738,2026-03-15T16:16:00+05:30,wallet,359.61,0,failed,INR
P02750,O00967,2025-08-21T00:40:00+05:30,wallet,4986.33,0,refunded,INR
P02144,O00748,2026-07-18T06:29:00+05:30,upi,1081.48,0,failed,INR
P00550,O00892,2026-07-02T12:32:00+05:30,upi,1296.1,0,refunded,INR
P02007,O01845,20-12-2025 13:26,card,65.3,0,failed,USD
P00398,O01673,2025-12-28T23:21:00+05:30,netbanking,4.74,0,refunded,USD
P00253,O02000,2026-07-10T17:29:00+05:30,,7.5,0,captured,USD
P00347,O00903,2026-04-16T17:17:00+05:30,upi,19.89,0,pending,USD
P01627,O01738,2026-03-20T05:10:00+05:30,netbanking,4.74,0,refunded,USD
P00201,O00427,2026-06-17T04:13:00Z,card,823.55,0,captured,INR
P00110,O01393,18-02-2026 22:02,netbanking,520.2,0,captured,INR
P02465,O00753,2026-06-06T08:16:00+05:30,cod,29.44,0,captured,USD
P02277,O01336,2025-11-08T00:21:00+05:30,,947.23,0,captured,INR
P01675,O00391,09-07-2026 07:49,wallet,4002.52,0,captured,INR
P01701,O01160,2026-01-07T19:31:00+05:30,wallet,4.73,0.01,captured,USD
P02701,O00078,2025-12-22T04:05:00+05:30,wallet,23.58,0,failed,USD
P01647,O01700,2026-05-28T12:33:00+05:30,wallet,4553.56,0,failed,INR
P00391,O00729,2026-05-30T17:37:00+05:30,upi,794.15,0,failed,INR
P02396,O01825,2026-07-17T15:49:00+05:30,cod,835.52,0,captured,INR
P00314,O01386,09-08-2025 10:41,,4216.08,0,captured,INR
P01404,O01580,2026-06-16T15:10:00Z,cod,43.78,0,captured,USD
P02228,O01829,16-05-2026 22:26,card,1256.52,0,captured,INR
P02217,O01703,2026-06-29T02:58:00+05:30,card,2281.79,0,refunded,INR
P01377,O01634,01-02-2026 19:53,cod,25.5,0,failed,USD
P01380,O02026,2026-02-05T03:23:00Z,netbanking,49.36,0.25,captured,USD
P00382,O01289,2026-05-13T07:45:00Z,card,10.11,0,captured,USD
P01015,O01029,28-09-2025 10:18,netbanking,366.4,0,captured,INR
P00555,O00606,2025-05-22T05:24:00Z,cod,9.84,0,failed,USD
P01148,O00580,2026-06-19T16:25:00+05:30,wallet,646.47,0,captured,INR
P00488,O00017,2026-01-30T08:30:00Z,wallet,2472.9,0,captured,INR
P01009,O00484,2026-02-04T09:14:00+05:30,card,14.14,0,captured,USD
P01922,O00326,2025-11-29T20:19:00Z,netbanking,2302.98,0,captured,INR
P02440,O00010,2026-01-31T19:18:00+05:30,upi,3518.67,0,captured,INR
P02291,O01784,11-06-2026 17:47,card,30.44,0,refunded,USD
P00906,O00055,2026-07-14T12:27:00+05:30,wallet,10.19,0,captured,USD
P00136,O00097,24-04-2026 11:18,cod,9.78,0,captured,USD
P01638,O01214,05-05-2026 19:37,upi,5.76,0,captured,USD
P00748,O00046,2025-06-24T01:20:00Z,cod,4765.27,0,captured,INR
P02204,O00492,2026-07-06T02:35:00Z,card,774.19,0,captured,INR
P01635,O02086,08-07-2026 09:24,cod,5.6,0,captured,USD
P02700,O00272,13-03-2026 10:12,wallet,5.64,0,failed,USD
P01189,O01162,2026-01-27T16:35:00+05:30,card,15,0,captured,USD
P02301,O01757,2025-11-01T09:06:00Z,card,8.84,0,captured,USD
P00508,O00564,08-01-2026 03:02,wallet,815.03,50,captured,INR
P02279,O00487,2025-11-21T03:30:00+05:30,cod,5.59,0,refunded,USD
P02778,O00773,2025-06-01T12:32:00+05:30,wallet,943.59,0,pending,INR
P00940,O02117,06-08-2026 22:45,cod,458.88,0,captured,INR
P02234,O00172,2025-11-16T10:59:00Z,netbanking,3251.77,0,failed,INR
P00831,O00611,09-04-2026 16:47,upi,5044.63,0,failed,INR
P01137,O01107,30-12-2025 11:15,upi,363.36,0,failed,INR
P01643,O01339,24-06-2026 01:15,upi,4.99,0,captured,USD
P01494,O01821,2026-02-12T09:12:00+05:30,card,10.85,0.05,captured,USD
P01134,O00610,05-07-2026 03:15,netbanking,321.68,0,captured,INR
P00059,O00848,2026-04-15T23:56:00+05:30,upi,4224.66,0,captured,INR
P01184,O01604,01-03-2026 08:53,wallet,39.14,0,refunded,USD
P00244,O00804,2025-11-01T16:32:00Z,netbanking,5.98,0,captured,USD
P00044,O00964,2025-11-07T19:31:00Z,card,3029.92,0,refunded,INR
P00928,O00410,2026-03-03T03:53:00+05:30,wallet,7.24,0,captured,USD
P00442,O01882,2026-07-08T09:49:00+05:30,wallet,24.77,0,captured,USD
P00912,O01962,2025-11-16T13:13:00+05:30,cod,23.43,0,captured,USD
P02706,O01717,03-02-2026 15:12,wallet,658.7,0,captured,INR
P01612,O00248,2026-03-02T17:54:00Z,wallet,9.35,0,captured,USD
P00773,O01350,19-02-2026 09:21,card,1986.66,0,captured,INR
P02302,O01815,23-04-2026 08:49,upi,29.22,0,captured,USD
P02696,O00801,2026-04-25T05:40:00+05:30,netbanking,4.99,0,refunded,USD
P00178,O01629,2025-12-09T20:25:00+05:30,cod,558.99,0,failed,INR
P00907,O00826,2026-01-25T23:32:00+05:30,cod,3641.68,0,failed,INR
P00525,O00567,05-09-2025 09:54,netbanking,19.6,0.06,captured,USD
P02026,O00958,24-07-2026 20:51,netbanking,2290.05,0,captured,INR
P00898,O01147,2025-09-04T03:12:00+05:30,card,4.99,0,captured,USD
P00613,O00225,2026-07-14T11:05:00+05:30,cod,15.67,0.03,captured,USD
P00308,O01808,2025-10-19T14:36:00+05:30,upi,922.36,0,captured,INR
P01243,O00303,2025-11-10T22:22:00+05:30,wallet,4.23,0.01,captured,USD
P00319,O00210,2026-06-24T11:04:00+05:30,,35.28,0,captured,USD
P02395,O01825,2026-07-17T15:47:00+05:30,cod,835.52,0,failed,INR
P00951,O00213,2026-05-02T05:05:00+05:30,cod,363.9,0,captured,INR
P02686,O01686,2025-10-09T01:06:00+05:30,wallet,32.39,0.16,captured,USD
P02575,O01701,2026-07-07T01:08:00+05:30,netbanking,4.94,0,failed,USD
P02529,O00171,2026-04-06T06:26:00+05:30,wallet,503.38,0,captured,INR
P01121,O01602,2026-06-03T22:59:00+05:30,,605.67,0,failed,INR
P00956,O01382,14-07-2025 03:16,upi,1835.19,0,captured,INR
P00663,O00244,2026-05-17T01:23:00+05:30,wallet,339.72,0,failed,INR
P02738,O02025,2025-05-17T09:52:00Z,card,4519.76,0,captured,INR
P02699,O01288,09-10-2025 14:24,upi,623.59,0,captured,INR
P02569,O00135,13-05-2026 00:22,,43.7,0.19,captured,USD
P02502,O00250,2025-10-15T01:00:00Z,wallet,1215.05,0,captured,INR
P00810,O01321,2026-03-21T00:03:00+05:30,card,5.55,0.01,captured,USD
P02224,O00975,07-03-2026 12:03,netbanking,41.7,0,failed,USD
P02230,O00552,2026-02-11T03:14:00Z,cod,1071.56,0,captured,INR
P02100,O00423,2026-04-06T13:14:00Z,netbanking,1726.28,0,refunded,INR
P02674,O01439,2026-05-23T11:32:00+05:30,card,8.47,0.04,captured,USD
P00500,O00186,18-01-2026 18:32,card,6.27,0,pending,USD
P01182,O00268,2026-07-17T13:52:00+05:30,cod,39.42,0.07,captured,USD
P01153,O01076,2026-05-20T16:59:00Z,cod,2462.33,0,captured,INR
P00430,O00738,2026-03-30T16:19:00+05:30,wallet,359.61,0,refunded,INR
P00132,O00195,03-04-2026 07:46,upi,60.14,0,failed,USD
P02672,O00522,20-05-2026 19:11,wallet,458.91,0,captured,INR
P00198,O00600,2026-06-03T11:17:00+05:30,netbanking,,0,captured,INR
P00634,O00342,2026-04-01T14:55:00Z,cod,400.14,0,captured,INR
P00862,O01752,28-03-2026 13:39,cod,5.43,0,captured,USD
P01388,O01606,2026-05-14T11:29:00Z,,306.38,0,captured,INR
P00666,O01855,2026-05-20T20:23:00Z,card,2844.44,0,failed,INR
P00768,O00504,09-05-2026 09:47,netbanking,5311.18,0,failed,INR
P00122,O02065,2026-01-31T16:33:00+05:30,card,66.85,0,captured,USD
P02579,O02070,2026-04-23T17:31:00Z,wallet,6.52,0.03,captured,USD
P02118,O01658,2025-11-28T12:17:00+05:30,cod,819.29,15,captured,INR
P02542,O00453,2026-03-23T11:47:00+05:30,wallet,8.41,0,refunded,USD
P00054,O01346,2026-05-11T07:20:00+05:30,card,2981.73,0,failed,INR
P01415,O00095,2026-07-19T17:33:00+05:30,upi,16.76,0,refunded,USD
P01108,O01273,2026-07-19T23:10:00+05:30,upi,381.27,0,refunded,INR
P01276,O01935,08-02-2026 06:26,netbanking,4.99,0,failed,USD
P02338,O01820,2026-03-21T16:49:00Z,upi,3.98,0.01,captured,USD
P01831,O01052,30-08-2025 19:25,,43.9,0,captured,USD
P00607,O00777,2026-02-07T15:33:00+05:30,cod,7.51,0,failed,USD
P00474,O00429,2026-07-24T18:35:00+05:30,netbanking,5.15,0,captured,USD
P01992,O00126,2026-03-10T23:27:00+05:30,netbanking,4761.65,0,captured,INR
P01589,O01861,2026-03-24T06:39:00+05:30,upi,3500.39,0,captured,INR
P02073,O00763,2026-02-26T02:02:00+05:30,wallet,13.54,0,refunded,USD
P00303,O00399,23-05-2026 22:51,wallet,5333,0,refunded,INR
P01250,O01750,2026-07-01T08:26:00+05:30,upi,4514.45,0,captured,INR
P00542,O01098,2026-04-15T17:06:00+05:30,wallet,7,0,failed,USD
P02383,O01694,17-05-2025 08:59,card,6.83,0,captured,USD
P01521,O00929,25-07-2026 07:33,cod,1893.88,0,captured,INR
P00266,O00096,2026-02-19T22:59:00+05:30,wallet,15.84,0,failed,USD
P00420,O00214,2025-06-11T10:46:00+05:30,wallet,797.15,0,captured,INR
P02728,O02105,2026-06-26T14:43:00+05:30,wallet,5.59,0,failed,USD
P02779,O00359,2026-05-12T14:25:00+05:30,cod,2823.07,50,captured,INR
P00565,O02119,2026-04-10T07:27:00+05:30,wallet,960.57,0,captured,INR
P00086,O01797,2026-07-16T03:12:00+05:30,cod,656.5,0,captured,INR
P01098,O01556,2025-11-06T10:36:00+05:30,card,,0,captured,INR
P02095,O01065,2026-06-20T10:48:00+05:30,netbanking,454.38,0,failed,INR
P01465,O01945,2025-07-09T01:14:00Z,upi,185.47,0,refunded,INR
P00540,O01377,2026-06-17T06:21:00+05:30,wallet,1236.99,0,failed,INR
P00098,O01693,2025-11-16T10:19:00+05:30,card,4.99,0,failed,USD
P00991,O01884,2026-05-15T10:38:00Z,cod,413.81,0,refunded,INR
P00786,O00831,2026-07-03T11:18:00+05:30,card,2160.57,100,captured,INR
P01018,O00599,27-05-2025 02:40,wallet,1483.58,0,refunded,INR
P01141,O01116,2025-05-29T12:17:00+05:30,cod,541.42,0,refunded,INR
P02258,O00201,01-05-2026 13:15,netbanking,920.52,0,pending,INR
P02410,O00162,16-05-2026 21:10,card,6.62,0,captured,USD
P02729,O01335,2026-01-31T10:11:00+05:30,upi,31.11,0,captured,USD
P00407,O00290,06-07-2026 20:34,netbanking,60.73,0,captured,USD
P00631,O00650,2025-05-24T18:14:00+05:30,,1127.07,0,captured,INR
P00124,O00969,07-08-2025 22:06,wallet,954.5,0,captured,INR
P02034,O00123,2026-02-09T18:53:00+05:30,card,1745.53,30,captured,INR
P01584,O01084,2026-05-14T20:41:00Z,upi,1416.56,0,failed,INR
P01253,O01520,2026-04-12T10:24:00Z,upi,27.02,0,pending,USD
P02464,O01312,05-04-2026 09:50,cod,24.28,0,captured,USD
P01566,O00056,2026-05-13T19:03:00+05:30,netbanking,5218.06,50,captured,INR
P02156,O00545,2026-05-09T03:55:00+05:30,cod,2786.97,0,captured,INR
P02769,O00925,2026-07-04T19:18:00+05:30,cod,500.98,0,failed,INR
P00160,O00418,28-04-2026 22:36,upi,11.12,0,refunded,USD
P01469,O01633,2025-04-12T12:05:00Z,wallet,1206.65,0,refunded,INR
P02018,O00623,2025-11-23T20:01:00+05:30,netbanking,5.54,0,captured,USD
P01422,O00155,2026-01-24T03:47:00+05:30,card,499.4,0,refunded,INR
P01986,O00589,25-11-2025 21:57,netbanking,20.68,0,captured,USD
P00046,O00995,2026-06-12T14:29:00+05:30,netbanking,4.99,0,captured,USD
P02108,O01860,20-08-2025 06:33,card,23.93,0,captured,USD
P02307,O00789,16-02-2026 05:05,cod,3320.41,200,captured,INR
P00854,O00449,23-01-2026 03:28,card,,0,captured,USD
P02667,O00392,2026-05-21T15:23:00+05:30,netbanking,21.87,0,captured,USD
P02215,O00240,2026-06-06T11:08:00+05:30,card,2854.22,0,captured,INR
P02079,O00219,2026-07-06T03:26:00+05:30,upi,6.87,0,refunded,USD
P02720,O01133,14-12-2025 00:13,netbanking,10.29,0,captured,USD
P02202,O00445,23-10-2025 15:51,upi,504.59,0,captured,INR
P00785,O02049,30-06-2026 11:04,upi,910.77,0,captured,INR
P00485,O01893,2026-04-29T01:04:00Z,card,512.16,0,refunded,INR
P00897,O00683,25-01-2026 17:41,cod,611.11,50,captured,INR
P01320,O00530,22-07-2026 20:46,,2105.62,200,captured,INR
P02612,O01473,2025-05-12T14:03:00+05:30,netbanking,51.06,0,refunded,USD
P01005,O01747,01-07-2026 10:07,card,341.97,0,refunded,INR
P00351,O01971,2026-05-21T16:05:00+05:30,netbanking,1581.19,0,failed,INR
P01728,O01609,2025-09-09T12:05:00+05:30,netbanking,10.51,0,refunded,USD
P02663,O01721,2026-04-12T17:18:00Z,netbanking,313.63,0,captured,INR
P01219,O01476,2026-04-01T15:00:00Z,upi,4843.11,0,captured,INR
P01310,O01636,01-07-2026 02:17,wallet,8.88,0,failed,USD
P00174,O00357,2026-06-16T03:28:00+05:30,netbanking,674.42,0,captured,INR
P01652,O00338,2026-07-15T08:26:00+05:30,cod,3923.37,0,captured,INR
P01394,O01260,2025-12-18T01:09:00Z,cod,38.81,0,captured,USD
P01135,O01911,2026-05-21T21:31:00+05:30,card,1265.36,0,captured,INR
P01885,O00851,2026-01-17T09:56:00Z,netbanking,342.76,0,failed,INR
P02271,O00279,2026-02-15T16:27:00+05:30,netbanking,682.34,0,captured,INR
P00755,O00512,2026-01-03T05:19:00+05:30,upi,4.97,0.02,captured,USD
P00568,O01885,09-12-2025 09:30,netbanking,2030.82,0,captured,INR
P02020,O01987,2026-03-30T17:04:00+05:30,upi,3058.6,0,failed,INR
P00287,O01315,2026-02-10T22:18:00Z,netbanking,1152.61,0,captured,INR
P01785,O01361,2026-02-24T15:22:00+05:30,card,1422.84,0,failed,INR
P00526,O01589,2026-01-24T00:14:00Z,wallet,23.82,0,failed,USD
P01852,O01930,2025-11-10T18:39:00Z,cod,388.04,0,captured,INR
P01632,O00814,2026-05-08T20:20:00+05:30,card,4.5,0,captured,USD
P02425,O00890,07-07-2026 03:58,cod,366.34,0,captured,INR
P01161,O00065,2026-01-09T00:53:00+05:30,netbanking,24.08,0,captured,USD
P01216,O01179,2025-10-29T03:21:00+05:30,card,5175.51,0,captured,INR
P02803,O91567,2026-04-24T17:06:00+05:30,cod,1181,0,captured,INR
P01959,O02103,2026-04-18T23:49:00+05:30,cod,43.35,0,failed,USD
P02419,O01366,05-09-2025 13:28,wallet,728.6,0,captured,INR
P01245,O01134,2025-09-29T10:26:00+05:30,netbanking,6.27,0,captured,USD
P02109,O00301,2025-07-19T00:37:00Z,wallet,659.92,0,failed,INR
P01548,O00614,2025-06-14T11:07:00+05:30,cod,320.17,0,captured,INR
P00935,O00089,2026-04-17T09:09:00+05:30,,1916.1,0,captured,INR
P00771,O01977,2026-05-28T01:24:00Z,upi,7.82,0,pending,USD
P00295,O02102,2026-02-19T05:16:00Z,card,17.74,0,captured,USD
P01213,O00022,2025-12-25T02:17:00+05:30,cod,15.57,0,captured,USD
P02292,O00795,2026-01-04T23:51:00+05:30,upi,12.4,0,captured,USD
P00311,O00620,17-02-2026 11:58,upi,707.27,0,captured,INR
P02071,O00574,20-03-2026 20:03,card,5.9,0,captured,USD
P01658,O00320,2026-07-04T23:35:00+05:30,cod,28.55,0,captured,USD
P01754,O00509,2026-07-11T02:42:00Z,netbanking,16.99,0,captured,USD
P01497,O01791,2025-12-07T10:02:00+05:30,cod,19.77,0,failed,USD
P00489,O01573,2026-07-11T12:49:00Z,card,356.74,0,captured,INR
P01861,O00187,2025-05-05T18:51:00+05:30,wallet,473.73,30,captured,INR
P01159,O01210,2025-11-02T02:39:00Z,cod,4823.4,0,pending,INR
P01744,O00396,13-06-2026 23:26,wallet,2756.81,0,captured,INR
P02473,O00472,2026-06-22T04:12:00+05:30,upi,505.2,0,refunded,INR
P00179,O02009,28-05-2025 17:59,upi,459.8,0,captured,INR
P00378,O00329,30-08-2025 17:35,wallet,437.3,77.17,captured,INR
P00585,O01785,2026-02-28T19:25:00+05:30,card,62.25,0,captured,USD
P00062,O01564,2026-01-21T05:11:00Z,netbanking,801.69,0,refunded,INR
P01034,O00108,2026-01-07T02:40:00+05:30,upi,3630.38,0,failed,INR
P01665,O00932,25-07-2025 09:49,wallet,1241.87,0,captured,INR
P02561,O01755,2025-10-11T17:40:00Z,wallet,5.58,0,pending,USD
P02589,O01021,2026-04-23T11:34:00+05:30,wallet,2600.69,0,captured,INR
P00056,O01655,2025-12-17T06:14:00Z,cod,384.13,0,captured,INR
P00721,O01137,2026-07-17T08:19:00+05:30,netbanking,66.92,0.13,captured,USD
P02099,O00423,2026-03-18T13:14:00+05:30,netbanking,1726.28,0,captured,INR
P01487,O00354,2026-06-10T16:15:00+05:30,wallet,698.49,0,failed,INR
P00518,O01719,2025-06-02T23:58:00+05:30,wallet,4.99,0,captured,USD
P01316,O00529,2026-07-04T22:22:00Z,card,4.99,0,captured,USD
P00870,O01177,23-03-2026 21:03,cod,,0,captured,INR
P00315,O00632,2026-06-05T13:13:00Z,cod,5.97,0,captured,USD
P02489,O01685,2026-04-02T15:00:00+05:30,netbanking,34.11,0,captured,USD
P02474,O01496,2026-06-22T11:37:00Z,card,824.12,0,captured,INR
P00543,O00442,04-11-2025 03:15,wallet,10.33,0,failed,USD
P00967,O00833,13-03-2026 07:03,card,630.13,0,captured,INR
P00012,O01403,2026-05-06T03:59:00+05:30,cod,5.85,0,captured,USD
P01067,O00590,12-07-2026 11:42,card,30.67,0,failed,USD
P00129,O00447,2025-07-14T05:55:00+05:30,netbanking,6.3,0,refunded,USD
P01946,O01754,04-03-2026 19:34,upi,1751.29,0,captured,INR
P00502,O01158,21-02-2026 13:58,,4.98,0,failed,USD
P00726,O01961,2025-07-19T17:15:00+05:30,cod,1162.28,0,captured,INR
P01197,O01372,2026-04-12T19:27:00+05:30,wallet,2689.01,0,captured,INR
P01283,O00876,01-07-2026 04:08,cod,650.1,0,failed,INR
P00805,O01565,15-02-2026 22:29,card,4.99,0,failed,USD
P00795,O00407,2026-02-04T12:28:00Z,netbanking,3376.84,0,captured,INR
P01489,O00354,2026-06-22T16:25:00+05:30,wallet,698.49,0,refunded,INR
P02422,O00115,2026-04-30T09:19:00+05:30,wallet,7.88,0,captured,USD
P01251,O00049,30-06-2026 13:20,card,28.91,0,captured,USD
P00221,O01072,07-02-2026 08:53,card,5.26,0,failed,USD
P01978,O01789,2026-04-25T04:12:00Z,wallet,4.74,0.01,captured,USD
P01019,O01101,2026-04-29T15:04:00+05:30,netbanking,3406.68,0,pending,INR
P00285,O00514,2026-05-23T12:13:00+05:30,wallet,559.68,0,captured,INR
P00960,O00944,2026-05-24T22:13:00+05:30,wallet,5234.6,0,captured,INR
P02146,O02090,28-05-2026 22:44,netbanking,5064.97,30,captured,INR
P02024,O00401,11-04-2026 14:25,wallet,7.93,0,failed,USD
P00846,O01193,2025-07-06T05:05:00Z,cod,532.61,0,failed,INR
P00724,O01307,26-11-2025 08:45,,413.62,0,captured,INR
P02548,O01460,2026-05-04T12:05:00+05:30,netbanking,17.02,0,captured,USD
P02259,O00951,04-05-2026 04:10,card,705.55,0,pending,INR
P00892,O00783,2026-05-13T06:27:00Z,,3433.58,0,captured,INR
P00043,O00964,2025-10-30T19:31:00+05:30,card,3029.92,30,captured,INR
P02469,O00561,2026-02-06T08:07:00+05:30,netbanking,2356.42,0,failed,INR
P01296,O01724,2026-07-23T02:44:00+05:30,cod,8.88,0,captured,USD
P01844,O00043,2026-06-30T13:07:00+05:30,netbanking,3471.84,0,captured,INR
P00258,O00796,12-07-2026 06:54,card,3489.5,0,captured,INR
P02535,O02050,2026-02-13T22:19:00Z,card,20.88,0,captured,USD
P00746,O00533,24-08-2025 23:05,card,5.96,0,captured,USD
P01409,O00019,03-06-2026 21:41,wallet,9.7,0.02,captured,USD
P01855,O01639,01-03-2026 18:19,card,21.77,0,captured,USD
P02327,O01771,2026-03-18T11:34:00Z,wallet,2358.54,15,captured,INR
P00813,O00534,25-10-2025 13:42,cod,4502.7,0,captured,INR
P00529,O00835,2026-04-21T01:29:00+05:30,upi,16.08,0.05,captured,USD
P02760,O01653,2025-11-30T08:28:00+05:30,netbanking,4.99,0,captured,USD
P00342,O01524,2026-07-04T02:28:00Z,cod,2475.35,0,failed,INR
P02053,O01533,18-06-2026 16:42,card,491.66,0,failed,INR
P02303,O01538,18-07-2026 22:46,upi,1423.51,0,captured,INR
P00107,O01258,2026-05-29T16:47:00+05:30,card,836.94,147.7,captured,INR
P01712,O00444,17-01-2026 21:04,wallet,6.35,0,captured,USD
P01968,O01546,22-03-2026 10:13,wallet,4687.29,0,failed,INR
P01938,O02043,17-04-2026 04:08,card,2409.45,0,refunded,INR
P00889,O01570,2026-04-07T14:03:00+05:30,,3777.41,0,captured,INR
P01527,O01381,12-05-2026 11:16,card,1087.79,0,refunded,INR
P00369,O01890,2026-01-12T18:19:00+05:30,wallet,3281.45,0,refunded,INR
P02180,O00816,2026-03-19T04:49:00+05:30,netbanking,15,0,captured,USD
P02687,O00598,2026-07-19T18:36:00Z,wallet,6.37,0,captured,USD
P01721,O01433,2026-03-19T23:20:00Z,netbanking,33.69,0,captured,USD
P00712,O01150,2025-08-27T12:48:00Z,upi,740.36,0,failed,INR
P01585,O01084,2026-05-14T20:56:00+05:30,upi,1416.56,0,captured,INR
P02167,O00633,2026-07-02T10:34:00+05:30,cod,14.52,0,captured,USD
P00040,O01919,2026-07-05T23:35:00Z,wallet,337.8,0,refunded,INR
P01145,O00987,2026-03-16T15:18:00Z,card,5488.65,15,captured,INR
P01515,O02052,15-03-2026 16:30,upi,20.55,0,refunded,USD
P02652,O00182,26-02-2026 13:57,card,3821.43,0,captured,INR
P01610,O00114,2026-02-26T08:36:00+05:30,netbanking,333.67,0,failed,INR
P01203,O01986,25-06-2026 05:57,cod,4844.06,200,captured,INR
P01004,O01747,22-06-2026 10:07,card,341.97,200,captured,INR
P02060,O01237,23-02-2026 08:01,,813.59,0,captured,INR
P01280,O00457,2026-07-16T19:20:00Z,netbanking,1186.12,0,captured,INR
P02349,O01920,2026-01-07T18:16:00Z,netbanking,470.4,0,refunded,INR
P00456,O00434,2026-05-30T20:51:00+05:30,card,23.37,0,failed,USD
P00772,O01669,2026-07-15T11:16:00+05:30,,5741.9,0,captured,INR
P01022,O01847,2025-12-31T22:56:00+05:30,netbanking,18.4,0,captured,USD
P00745,O00533,2025-08-24T23:01:00+05:30,card,5.96,0,failed,USD
P01559,O00067,2026-02-28T08:14:00+05:30,upi,12.82,0,captured,USD
P02385,O00112,2026-05-03T04:29:00+05:30,wallet,21.09,0,failed,USD
P02466,O00957,14-11-2025 16:08,cod,5.48,0,captured,USD
P00872,O00661,17-06-2026 11:26,netbanking,12.03,0,captured,USD
P00689,O01327,2026-04-24T03:33:00Z,wallet,4.99,0,failed,USD
P01368,O00667,2026-06-15T12:42:00+05:30,wallet,6.13,0,failed,USD
P00515,O00684,2026-06-09T06:00:00+05:30,card,13.69,0,failed,USD
P01726,O02096,2026-06-18T15:21:00+05:30,upi,2731.77,0,captured,INR
P02635,O00069,02-04-2025 08:22,netbanking,32.21,0,captured,USD
P00200,O00438,2025-12-29T13:03:00+05:30,wallet,25.76,0,captured,USD
P01348,O01208,2026-02-07T09:04:00+05:30,upi,6.08,0,captured,USD
P01437,O01702,2026-01-13T05:05:00Z,upi,787.1,0,captured,INR
P01678,O01276,05-11-2025 17:50,wallet,61.59,0.31,captured,USD
P01575,O01545,2026-06-20T15:41:00Z,netbanking,15.84,0,failed,USD
P00921,O00388,2026-01-03T21:55:00Z,card,5619.24,30,captured,INR
P00539,O01960,20-06-2026 22:33,netbanking,333.05,0,captured,INR
P02470,O01219,25-09-2025 13:28,,32.67,0,captured,USD
P01204,O00212,2026-04-27T05:09:00+05:30,netbanking,58.38,0,captured,USD
P00997,O01379,11-06-2026 02:00,netbanking,2306.85,0,failed,INR
P00321,O01532,2026-04-10T15:19:00+05:30,wallet,22.5,0.04,captured,USD
P00296,O01938,2026-01-31T22:18:00+05:30,,49.68,0,failed,USD
P01238,O01766,26-11-2025 19:01,card,322.64,0,captured,INR
P02530,O00284,2025-08-14T23:40:00+05:30,cod,3624.8,0,captured,INR
P00578,O01277,30-03-2025 11:28,upi,721.89,0,captured,INR
P02697,O01011,2026-07-24T21:58:00+05:30,upi,14.56,0,captured,USD
P00471,O00772,2026-06-05T09:32:00+05:30,cod,1571.24,50,captured,INR
P01478,O01907,2026-05-25T02:48:00+05:30,card,4.99,0,captured,USD
P01402,O01404,2025-08-13T04:57:00+05:30,upi,4.98,0.01,captured,USD
P01389,O02002,2026-05-29T07:07:00+05:30,cod,191.78,0,failed,INR
P02735,O00520,05-02-2026 04:07,cod,3259.57,0,failed,INR
P01241,O00768,2026-05-28T23:59:00+05:30,upi,26.37,0,captured,USD
P01646,O01700,2026-05-28T12:12:00+05:30,wallet,4553.56,0,failed,INR
P00338,O00968,11-11-2025 17:24,,5.21,0.02,captured,USD
P00426,O01396,2026-01-13T09:44:00+05:30,upi,686.68,0,failed,INR
P02176,O01769,05-04-2026 04:55,card,7.31,0,failed,USD
P00715,O00062,2025-12-12T01:29:00+05:30,netbanking,276.59,0,failed,INR
P01734,O01012,2026-01-25T05:46:00+05:30,cod,11.79,0,captured,USD
P01711,O00444,2026-01-17T20:47:00+05:30,wallet,6.35,0,failed,USD
P02216,O01703,2026-06-12T02:58:00+05:30,card,2281.79,0,captured,INR
P02121,O02004,30-04-2026 16:04,wallet,2552.84,0,captured,INR
P00465,O00237,19-08-2025 01:37,wallet,377.75,0,captured,INR
P00339,O00087,2026-04-13T22:08:00+05:30,card,725.22,100,captured,INR
P02293,O02075,2025-11-06T08:24:00+05:30,netbanking,1387.06,0,captured,INR
P00737,O01725,28-07-2026 11:07,card,1513.64,0,refunded,INR
P01427,O00146,2026-06-08T03:28:00+05:30,netbanking,633.15,0,failed,INR
P02476,O01202,2026-07-24T00:26:00Z,netbanking,2010.19,0,refunded,INR
P01669,O01859,07-05-2026 17:11,card,5.42,0,refunded,USD
P02504,O00460,2026-06-02T14:10:00Z,netbanking,1648.08,0,captured,INR
P02401,O01115,2026-05-05T23:20:00Z,netbanking,327.57,0,captured,INR
P02594,O00051,2026-06-15T02:01:00+05:30,upi,14.8,0,failed,USD
P01094,O01352,2026-01-13T21:24:00+05:30,netbanking,3038.01,0,failed,INR
P01791,O01303,2026-03-29T10:12:00+05:30,upi,449.87,0,pending,INR
P02766,O00970,2026-05-23T15:27:00+05:30,card,20.13,0.1,captured,USD
P02544,O01390,2025-05-17T03:36:00+05:30,cod,13.84,0,refunded,USD
P02175,O00208,2025-11-02T09:21:00Z,netbanking,938.49,0,captured,INR
P02516,O01730,2026-04-23T05:23:00+05:30,cod,31.69,0,captured,USD
P01025,O01727,2026-04-15T01:03:00+05:30,wallet,44.54,0,captured,USD
P01523,O01080,2026-01-04T15:25:00Z,wallet,2664.13,0,captured,INR
P01425,O00616,24-04-2026 18:15,upi,4707.03,0,captured,INR
P01773,O01180,2026-05-02T02:11:00+05:30,netbanking,21.76,0,failed,USD
P00192,O00568,2026-07-15T00:17:00+05:30,upi,3.97,0.02,captured,USD
P00273,O00937,2025-10-16T03:09:00Z,upi,684.95,0,captured,INR
P02160,O01474,2026-06-12T01:18:00Z,upi,5143.83,0,refunded,INR
P00978,O00982,2026-04-01T04:14:00+05:30,upi,44.36,0.08,captured,USD
P01438,O01294,2025-07-05T16:35:00Z,upi,5.17,0,captured,USD
P01050,O00593,2026-03-12T09:16:00+05:30,netbanking,6.63,0.03,captured,USD
P00260,O00742,2026-04-08T06:55:00+05:30,wallet,1168.39,0,captured,INR
P00090,O01007,05-07-2025 22:39,wallet,1729.04,0,captured,INR
P02312,O01842,2025-11-14T21:16:00+05:30,upi,5032.57,0,captured,INR
P00750,O01929,25-06-2026 10:16,upi,43.84,0.22,captured,USD
P00452,O00910,2026-01-12T16:24:00+05:30,wallet,7.78,0,failed,USD
P01077,O00384,2026-03-13T22:09:00Z,wallet,1359.47,0,captured,INR
P00487,O01434,02-05-2025 18:01,netbanking,4444.04,0,refunded,INR
P02777,O01618,2026-02-18T07:57:00+05:30,,480.55,0,captured,INR
P02718,O00496,2026-04-07T16:34:00Z,upi,2989.5,0,captured,INR
P01941,O01389,02-01-2026 14:36,cod,2036.99,0,captured,INR
P02570,O00538,2026-03-25T10:58:00+05:30,netbanking,60.41,0,failed,USD
P02694,O02035,2026-03-09T06:29:00+05:30,card,348.86,0,refunded,INR
P02714,O01425,2026-07-12T13:21:00Z,card,821.48,0,captured,INR
P00241,O00894,2026-07-29T03:22:00Z,cod,456.55,0,refunded,INR
P00637,O01053,2026-05-13T21:05:00Z,cod,4352.74,0,captured,INR
P01815,O01899,2026-03-07T01:40:00Z,upi,216.65,72.21,captured,INR
P02274,O00741,2026-05-28T21:05:00Z,wallet,2816.51,0,refunded,INR
P00868,O01534,2026-07-13T05:21:00+05:30,,564.71,0,captured,INR
P00855,O01127,2026-05-14T02:51:00+05:30,cod,1478.43,200,captured,INR
P02141,O00953,2026-06-07T05:41:00+05:30,card,2787.14,0,captured,INR
P01739,O01169,2025-12-24T18:45:00+05:30,card,2820.98,0,captured,INR
P00415,O01512,2026-07-15T08:24:00Z,netbanking,65.33,0.33,captured,USD
P01621,O01489,2026-02-18T09:03:00Z,card,6.68,0.03,captured,USD
P00520,O01856,2026-06-14T14:09:00Z,card,863.62,0,captured,INR
P01972,O00700,2026-04-05T16:39:00Z,wallet,2997.44,0,refunded,INR
P01435,O01157,2026-05-01T16:32:00+05:30,cod,6.49,0.01,captured,USD
P01260,O00038,2026-03-27T15:36:00+05:30,card,1749.91,0,pending,INR
P00952,O00213,2026-05-06T05:05:00Z,cod,363.9,0,refunded,INR
P02494,O00559,2026-03-10T01:25:00+05:30,upi,4.99,0,captured,USD
P02341,O00812,19-07-2025 22:11,cod,1977.47,0,refunded,INR
P01884,O00029,2026-06-04T13:39:00+05:30,upi,24.37,0,captured,USD
P00402,O00317,2026-02-02T04:08:00Z,cod,4.99,0,captured,USD
P01876,O00222,2025-09-09T17:14:00+05:30,netbanking,3622.38,0,captured,INR
P01449,O01690,2026-02-23T09:07:00+05:30,cod,5618.33,0,captured,INR
P00289,O01852,2026-01-26T13:30:00Z,wallet,4.99,0,captured,USD
P01682,O01592,2026-06-21T13:56:00+05:30,wallet,4938.33,0,failed,INR
P01944,O01238,2025-06-16T14:17:00+05:30,cod,239.62,159.74,captured,INR
P00816,O00860,27-03-2026 02:09,card,11.55,0,refunded,USD
P01849,O00734,25-02-2026 08:21,upi,614.11,30,captured,INR
P02721,O01472,11-06-2026 08:39,cod,8.02,0,captured,USD
P00736,O01725,2026-07-16T11:07:00Z,card,1513.64,0,captured,INR
P02412,O01579,2026-02-15T23:25:00+05:30,cod,3377.7,0,captured,INR
P02114,O01553,2026-06-13T04:18:00+05:30,card,2885.48,200,captured,INR
P01937,O02043,2026-04-03T04:08:00Z,card,2409.45,0,captured,INR
P01156,O01223,2026-06-13T12:04:00Z,upi,912.74,0,refunded,INR
P00918,O00383,16-01-2026 22:44,upi,674.67,0,captured,INR
P00664,O00244,2026-05-17T01:34:00Z,wallet,339.72,0,captured,INR
P01350,O01410,07-09-2025 11:18,upi,54.36,0,captured,USD
P01261,O00246,26-02-2026 09:44,card,16.15,0,captured,USD
P01932,O00762,2026-07-05T10:44:00+05:30,netbanking,10.99,0.02,captured,USD
P01543,O01164,19-03-2026 06:42,card,1348.41,0,captured,INR
P01868,O00877,2026-05-26T10:32:00Z,cod,2281.34,0,refunded,INR
P01841,O01684,2025-07-29T16:26:00+05:30,card,994.29,0,captured,INR
P02407,O02088,2025-07-23T09:38:00+05:30,card,54.4,0,captured,USD
P00570,O00414,2026-03-21T00:55:00Z,netbanking,1968.08,0,failed,INR
P02623,O00657,2026-01-19T13:59:00+05:30,upi,3550.79,0,captured,INR
P00109,O02084,2026-07-14T11:10:00+05:30,cod,324.31,50,captured,INR
P01690,O01628,2026-04-18T12:37:00+05:30,netbanking,1227.99,0,captured,INR
P00756,O00264,2025-11-27T15:23:00+05:30,card,29.19,0,captured,USD
P02437,O01682,03-01-2026 13:29,wallet,3222.51,0,captured,INR
P02377,O02010,2026-04-23T20:33:00+05:30,wallet,67.22,0,failed,USD
P02759,O00432,01-09-2025 18:17,upi,1980.06,0,captured,INR
P00158,O00524,2026-04-22T09:25:00+05:30,card,26.1,0,refunded,USD
P01877,O00222,2025-09-29T17:14:00+05:30,netbanking,3622.38,0,refunded,INR
P01547,O01436,2026-07-23T06:21:00Z,cod,5066.32,0,failed,INR
P02187,O00898,2025-11-09T05:22:00+05:30,netbanking,17.06,0,captured,USD
P01572,O02092,14-10-2025 11:38,netbanking,506.18,0,refunded,INR
P00723,O00377,2025-12-28T05:35:00+05:30,wallet,4.99,0,refunded,USD
P00034,O01463,2026-06-08T09:11:00Z,upi,27.8,0.09,captured,USD
P01249,O01344,07-06-2026 12:09,upi,4.24,0,captured,USD
P01127,O01167,30-09-2025 09:15,netbanking,2812.63,0,failed,INR
P02308,O01111,16-03-2026 08:46,netbanking,1803.83,0,captured,INR
P01862,O00187,2025-05-26T18:51:00+05:30,wallet,473.73,0,refunded,INR
P01591,O00694,05-07-2026 12:13,upi,2654.24,0,refunded,INR
P02676,O00077,2026-05-11T15:38:00Z,cod,565.91,0,captured,INR
P02551,O00292,2026-03-30T06:11:00+05:30,cod,996.77,0,captured,INR
P02400,O00583,2025-10-07T21:57:00+05:30,wallet,14,0,refunded,USD
P02016,O01490,2025-08-14T19:29:00+05:30,upi,1247.74,15,captured,INR
P00207,O00118,2026-05-12T09:27:00+05:30,wallet,,0.03,captured,USD
P01158,O01739,16-10-2025 18:20,cod,4248.1,0,refunded,INR
P01277,O00662,2026-06-08T15:12:00+05:30,upi,34.03,0.11,captured,USD
P00299,O01176,2026-07-08T18:39:00+05:30,netbanking,3494.17,0,refunded,INR
P00716,O01516,2025-12-06T07:30:00+05:30,upi,31.28,0,captured,USD
P02336,O01296,2025-09-19T06:01:00Z,netbanking,2841.73,0,captured,INR
P00621,O01240,2026-02-15T19:14:00+05:30,upi,20.48,0.06,captured,USD
P01322,O00943,2026-05-21T19:20:00+05:30,wallet,4.74,0,captured,USD
P01654,O01662,2026-01-03T07:16:00+05:30,card,550.33,0,failed,INR
P02684,O01998,2026-02-26T06:15:00+05:30,upi,32.05,0,refunded,USD
P01293,O00294,2025-08-03T13:37:00+05:30,upi,1378.61,0,captured,INR
P00812,O02006,2026-06-20T20:32:00+05:30,upi,451.97,15,captured,INR
P02511,O00014,2026-06-02T14:06:00+05:30,cod,6.17,0,captured,USD
P02031,O00100,20-12-2025 00:54,netbanking,6.68,0,captured,USD
P01157,O01739,11-10-2025 18:20,cod,4248.1,0,captured,INR
P02454,O00327,16-10-2025 01:36,upi,2717.34,50,captured,INR
P01939,O00947,19-05-2026 15:44,card,5071.26,0,captured,INR
P01828,O01170,2025-08-06T15:06:00+05:30,card,59.89,0,captured,USD
P01963,O01501,2026-04-02T09:02:00+05:30,netbanking,43.46,0,refunded,USD
P01442,O00106,2025-04-11T13:40:00+05:30,cod,4.99,0,failed,USD
P01776,O00539,2026-06-17T11:22:00+05:30,card,781.36,0,refunded,INR
P00393,O01448,31-05-2026 13:26,cod,404.94,50,captured,INR
P01565,O01041,2025-10-27T03:18:00+05:30,card,2316.26,0,failed,INR
P02370,O00674,21-11-2025 12:41,netbanking,,0,captured,USD
P01064,O01110,2025-11-04T18:55:00+05:30,upi,5139.82,0,failed,INR
P02617,O02094,2026-03-09T08:04:00+05:30,card,6.59,0,captured,USD
P00915,O02095,2026-06-09T13:40:00Z,netbanking,4997.74,0,failed,INR
P02525,O00676,2026-03-10T16:55:00Z,netbanking,1276.4,0,captured,INR
P01786,O00887,2026-02-14T18:06:00+05:30,cod,816.63,0,pending,INR
P01578,O00075,2026-01-14T10:55:00+05:30,,742.68,0,captured,INR
P01965,O00013,2026-06-11T04:26:00+05:30,card,339.2,0,captured,INR
P00052,O00379,2025-07-22T18:09:00+05:30,wallet,470.02,30,captured,INR
P01770,O00730,2026-06-05T10:35:00+05:30,cod,21.2,0,captured,USD
P00472,O00772,2026-06-21T09:32:00+05:30,cod,1571.24,0,refunded,INR
P01935,O01817,24-11-2025 00:57,upi,15.39,0,failed,USD
P00883,O01947,2026-01-01T12:16:00Z,card,,0,captured,INR
P01639,O01214,16-05-2026 19:37,upi,5.76,0,refunded,USD
P01371,O00747,14-07-2026 13:27,wallet,1150.2,0,captured,INR
P01336,O00519,2026-06-27T22:27:00+05:30,cod,5696.44,15,captured,INR
P01327,O01598,2025-12-24T09:57:00+05:30,upi,9.99,0,captured,USD
P01599,O00746,2025-12-18T14:15:00+05:30,cod,667.83,0,captured,INR
P02241,O00422,07-04-2026 04:07,netbanking,698.68,0,captured,INR
P01818,O00277,2025-05-30T06:44:00Z,wallet,936.41,0,captured,INR
P00028,O01249,21-07-2026 11:10,upi,314.8,0,captured,INR
P00877,O01758,2026-07-10T23:50:00+05:30,cod,749.2,15,captured,INR
P00922,O00053,29-05-2026 14:49,upi,1727.32,100,captured,INR
P01685,O00367,2026-07-16T05:50:00+05:30,netbanking,1019.45,0,failed,INR
P02550,O00292,2026-03-30T05:55:00+05:30,cod,996.77,0,failed,INR
P02404,O02068,17-07-2026 18:28,card,24.02,0,captured,USD
P00899,O00242,2025-05-16T11:20:00+05:30,wallet,924.74,0,captured,INR
P00449,O00042,2026-06-26T16:46:00+05:30,netbanking,,0,captured,USD
P00204,O00628,27-05-2026 17:27,cod,1656.07,0,failed,INR
P01439,O01294,2025-07-14T16:35:00+05:30,upi,5.17,0,refunded,USD
P02311,O00769,2025-06-20T16:09:00+05:30,netbanking,803.73,0,captured,INR
P01914,O00544,2026-03-28T10:22:00+05:30,wallet,6.82,0,captured,USD
P00195,O01734,2026-05-05T10:16:00+05:30,netbanking,700.14,0,captured,INR
P00364,O01809,2025-09-22T00:28:00+05:30,cod,925.16,0,captured,INR
P01535,O01435,2026-04-29T07:28:00+05:30,wallet,311.81,0,captured,INR
P00707,O01292,29-05-2026 17:14,upi,64.55,0,captured,USD
P00255,O01104,2026-05-20T23:29:00+05:30,upi,6.56,0,captured,USD
P00441,O00668,04-07-2026 10:55,upi,1769.4,0,captured,INR
P00710,O00660,2025-11-26T17:55:00+05:30,cod,2729.73,0,captured,INR
P02305,O01849,2026-01-29T20:11:00Z,wallet,353.46,0,captured,INR
P02643,O00716,2026-03-31T11:32:00Z,cod,42.72,0,captured,USD
P01771,O01708,2026-02-17T07:17:00+05:30,wallet,4.96,0.01,captured,USD
P02716,O00549,2026-06-19T01:48:00+05:30,cod,13.9,0.04,captured,USD
P02733,O01670,10-07-2026 21:56,upi,275.19,0,captured,INR
P02774,O00997,2026-02-08T14:46:00+05:30,upi,9.94,0,captured,USD
P01139,O00551,2026-04-02T18:18:00+05:30,wallet,10.25,0,captured,USD
P01038,O01493,26-04-2026 02:04,cod,381.98,0,failed,INR
P02142,O00288,07-11-2025 12:14,netbanking,1734.04,200,captured,INR
P01506,O01562,2025-12-18T01:39:00+05:30,cod,8.97,0,pending,USD
P01357,O00723,2026-05-25T05:30:00Z,card,14.85,0,captured,USD
P02423,O00115,2026-05-15T09:19:00+05:30,wallet,7.88,0,refunded,USD
P02133,O00363,2026-06-10T21:13:00+05:30,wallet,6.94,0,failed,USD
P00965,O01581,2026-04-26T12:04:00+05:30,netbanking,,50,captured,INR
P02606,O01659,05-01-2026 22:59,wallet,2901.14,0,captured,INR
P00153,O02056,2026-06-18T09:37:00+05:30,cod,1269.44,0,captured,INR
P00598,O00532,2025-08-17T09:28:00+05:30,wallet,32.68,0,captured,USD
P00574,O01287,2025-12-12T10:01:00Z,cod,966.91,0,failed,INR
P00433,O00254,2026-07-18T05:07:00+05:30,wallet,1020.56,0,captured,INR
P02003,O01424,2025-10-25T14:29:00+05:30,wallet,364.83,0,refunded,INR
P01399,O01853,2025-10-21T08:33:00+05:30,upi,1406.77,0,failed,INR
P02481,O02091,2026-07-08T06:37:00+05:30,card,386.56,0,refunded,INR
P01925,O00817,22-04-2026 10:24,card,3.99,0,captured,USD
P02125,O00265,15-03-2026 19:29,wallet,703.24,30,captured,INR
P01981,O01224,2025-11-07T00:53:00+05:30,wallet,4.96,0.03,captured,USD
P02052,O00707,17-06-2026 10:15,wallet,2338.24,0,captured,INR
P02050,O01239,2026-06-16T16:51:00+05:30,,10.3,0,captured,USD
P02168,O00521,2026-06-19T23:12:00Z,wallet,367.35,0,captured,INR
P00594,O01000,2026-04-30T18:58:00Z,netbanking,352.4,0,captured,INR
P00636,O01537,23-03-2026 13:12,wallet,56.01,0,captured,USD
P02184,O00952,19-06-2026 09:47,card,3674.22,0,failed,INR
P00544,O00442,2025-11-04T03:21:00+05:30,wallet,10.33,0,captured,USD
P01745,O00822,2026-05-23T16:27:00+05:30,cod,10.01,0.02,captured,USD
P01782,O01422,2026-07-08T10:09:00+05:30,wallet,4.99,0,failed,USD
P02471,O01318,2026-01-14T11:18:00+05:30,card,1140.59,0,captured,INR
P01234,O00309,2026-05-23T16:46:00+05:30,upi,571.86,0,failed,INR
P02344,O00592,31-01-2026 10:20,cod,3234.61,0,captured,INR
P01301,O02039,13-12-2025 23:08,,457.15,0,captured,INR
P01534,O00477,2025-11-06T11:00:00+05:30,wallet,6.74,0,refunded,USD
P01054,O00230,2026-06-25T23:47:00+05:30,wallet,2539.75,0,captured,INR
P00256,O00972,2025-11-17T17:05:00+05:30,wallet,711.92,0,captured,INR
P00371,O00686,2026-05-24T02:20:00+05:30,card,1273.04,0,captured,INR
P02290,O01784,2026-06-05T17:47:00+05:30,card,,0,captured,USD
P01286,O01621,2026-07-06T00:03:00+05:30,cod,8.96,0.04,captured,USD
P00484,O01893,2026-04-17T01:04:00Z,card,512.16,0,captured,INR
P00683,O00905,25-06-2026 02:38,netbanking,310.77,30,captured,INR
P02206,O00709,2025-10-01T08:07:00+05:30,card,1792.14,100,captured,INR
P00409,O01521,2026-04-23T12:45:00+05:30,wallet,17.19,0,captured,USD
P01302,O00698,2026-04-29T20:21:00+05:30,cod,3494.67,50,captured,INR
P01466,O00497,10-07-2026 06:30,cod,1427.17,0,captured,INR
P00572,O01995,21-06-2026 03:47,cod,1571.57,0,captured,INR
P01715,O00912,20-02-2026 09:34,wallet,39.71,0.2,captured,USD
P00111,O01773,10-07-2026 23:52,wallet,4829.43,0,captured,INR
P02398,O00479,2026-02-14T20:24:00+05:30,upi,1711.21,0,refunded,INR
P00541,O01377,17-06-2026 06:39,wallet,1236.99,0,captured,INR
P00119,O01647,2026-02-24T16:24:00+05:30,cod,1703.03,0,captured,INR
P00325,O00883,12-02-2026 18:41,card,14.46,0,captured,USD
P02463,O00761,27-03-2026 19:46,cod,10.05,0,captured,USD
P01482,O01675,2026-01-27T08:00:00+05:30,cod,625.35,0,refunded,INR
P01426,O00245,2025-10-07T09:59:00+05:30,cod,2849.81,0,captured,INR
P00166,O00021,2026-06-19T22:13:00Z,card,854.26,0,captured,INR
P01845,O00043,2026-07-10T13:07:00+05:30,netbanking,3471.84,0,refunded,INR
P00657,O02099,2026-03-09T18:35:00+05:30,upi,1244.16,0,captured,INR
P01318,O01063,2026-01-12T11:10:00+05:30,upi,31.46,0,captured,USD
P00232,O01269,2026-01-13T19:51:00+05:30,netbanking,325.95,0,captured,INR
P02061,O01153,2025-06-10T01:24:00+05:30,cod,9.87,0,failed,USD
P02331,O00659,2026-06-20T12:10:00+05:30,cod,1802.27,0,captured,INR
P02253,O00258,2026-02-15T17:17:00+05:30,netbanking,648.54,0,failed,INR
P00988,O00495,2026-06-24T15:26:00+05:30,netbanking,3176.48,50,captured,INR
P02287,O01733,2025-03-31T22:05:00+05:30,netbanking,2865.37,0,captured,INR
P01262,O00498,23-02-2026 17:02,card,3092.06,0,failed,INR
P00576,O01353,2025-10-22T14:56:00+05:30,cod,2986.58,0,captured,INR
P02310,O01037,02-05-2026 07:02,wallet,712.73,0,captured,INR
P01529,O02040,2026-04-25T22:49:00Z,card,8.47,0,captured,USD
P00380,O01429,2026-04-26T09:03:00+05:30,card,34.01,0,pending,USD
P00901,O01974,2026-01-07T15:39:00Z,netbanking,41.47,0,refunded,USD
P01305,O00175,2026-06-08T20:50:00+05:30,upi,5572.92,0,failed,INR
P02362,O00328,20-05-2026 11:02,upi,1020.28,0,captured,INR
P01403,O01234,2026-02-24T23:30:00+05:30,card,11.8,0,captured,USD
P02796,O91352,2026-04-02T13:12:00Z,cod,2102.34,0,captured,INR
P00990,O01884,2026-05-10T10:38:00+05:30,cod,827.62,0,captured,INR
P02188,O00898,22-11-2025 05:22,netbanking,17.06,0,refunded,USD
P01470,O00976,25-03-2026 12:12,card,419.53,0,pending,INR
P01996,O00981,2026-03-21T17:17:00+05:30,card,4064.34,0,pending,INR
P01239,O00960,2026-05-07T11:45:00+05:30,cod,884.92,0,captured,INR
P00582,O02045,08-03-2026 10:30,netbanking,656.68,0,failed,INR
P01865,O01901,11-11-2025 10:53,wallet,21.54,0,captured,USD
P01653,O00176,11-10-2025 11:31,upi,8.06,0,captured,USD
P02557,O00782,2026-04-02T00:00:00+05:30,cod,12.62,0,captured,USD
P02601,O00341,2026-02-19T14:39:00Z,netbanking,32.55,0,captured,USD
P01817,O00277,2025-05-30T06:33:00+05:30,wallet,936.41,0,failed,INR
P00047,O00465,2026-04-08T09:32:00+05:30,,3671.16,0,captured,INR
P01880,O01906,2026-05-24T13:44:00Z,card,369.55,0,captured,INR
P00365,O00984,2026-07-09T00:23:00Z,netbanking,15.23,0,failed,USD
P00876,O00751,2025-10-21T14:39:00Z,netbanking,305.64,50,captured,INR
P01866,O00149,2026-05-07T14:50:00+05:30,wallet,6.42,0,captured,USD
P01756,O01880,2025-11-21T13:09:00+05:30,cod,1353.87,0,failed,INR
P00225,O01999,2026-07-17T08:57:00Z,netbanking,718.52,0,captured,INR
P00847,O01193,2025-07-06T05:10:00Z,cod,532.61,0,captured,INR
P01387,O01048,2026-05-07T15:25:00+05:30,cod,16.81,0,captured,USD
P02084,O01440,08-05-2026 01:06,card,2243.95,0,captured,INR
P01364,O00829,2026-02-16T08:28:00+05:30,wallet,1237.38,0,failed,INR
P02482,O00424,2025-11-10T13:23:00+05:30,upi,5.59,0,captured,USD
P01446,O00986,2026-02-04T05:42:00+05:30,card,61.58,0,captured,USD
P01990,O00456,2026-07-11T04:47:00+05:30,netbanking,3446.45,0,captured,INR
P01903,O01711,2026-06-22T03:09:00+05:30,netbanking,590.04,0,captured,INR
P02116,O02078,2026-04-22T16:10:00+05:30,cod,13.77,0,captured,USD
P02748,O01128,03-09-2025 10:04,cod,382.55,0,captured,INR
P02085,O00281,2026-02-11T18:31:00+05:30,cod,415.56,0,failed,INR
P01668,O01859,2026-04-24T17:11:00+05:30,card,5.42,0,captured,USD
P02724,O01230,2026-06-30T20:21:00+05:30,cod,19.52,0.1,captured,USD
P00757,O00004,2026-06-19T09:58:00+05:30,wallet,7.28,0,failed,USD
P00435,O01688,2026-02-10T04:14:00+05:30,wallet,2274.64,0,captured,INR
P01973,O00091,2026-07-14T17:24:00Z,wallet,2322.61,30,captured,INR
P01998,O00273,28-07-2026 04:21,cod,5.4,0,refunded,USD
P00117,O01304,26-06-2025 18:06,upi,655.68,0,refunded,INR
P00085,O01797,2026-07-16T02:57:00Z,cod,656.5,0,failed,INR
P02128,O01511,2026-04-02T01:08:00Z,card,8.7,0,failed,USD
P01221,O00202,2026-06-13T12:13:00Z,netbanking,4.99,0,captured,USD
P00999,O01392,2026-03-09T15:22:00+05:30,netbanking,876.12,0,captured,INR
P02157,O00545,2026-05-24T03:55:00Z,cod,2786.97,0,refunded,INR
P02496,O00238,2025-10-29T23:47:00+05:30,wallet,689.93,0,captured,INR
P01106,O01188,2026-06-07T03:00:00Z,,357.87,0,captured,INR
P02158,O00304,2025-09-28T07:23:00+05:30,card,911.94,0,failed,INR
P01614,O00977,2026-04-16T09:34:00+05:30,card,4.99,0,captured,USD
P02281,O01470,2026-06-08T18:26:00Z,card,384.99,0,captured,INR
P02764,O01184,11-08-2025 02:32,card,1413.7,0,captured,INR
P00844,O00120,2025-12-20T12:29:00+05:30,card,1777.46,0,refunded,INR
P02347,O00954,2026-06-14T02:50:00+05:30,card,2572.18,0,captured,INR
P01244,O01134,2025-09-29T10:19:00+05:30,netbanking,6.27,0,failed,USD
P02651,O00908,2025-10-30T11:14:00+05:30,upi,9.7,0.03,captured,USD
P02170,O00921,2026-07-20T18:36:00+05:30,netbanking,4505.14,0,captured,INR
P00017,O01061,2025-03-18T04:14:00Z,wallet,1777.21,0,captured,INR
P00552,O00818,2026-01-31T13:43:00+05:30,wallet,526.82,0,captured,INR
P01338,O01044,2026-06-20T19:12:00Z,card,453.56,0,refunded,INR
P01042,O01559,2026-06-30T16:06:00+05:30,netbanking,1093.5,0,pending,INR
P00702,O00765,2026-03-14T17:22:00+05:30,card,,0,captured,USD
P01242,O00768,2026-06-10T23:59:00+05:30,upi,26.37,0,refunded,USD
P02452,O01256,02-08-2025 12:09,wallet,4230.38,0,pending,INR
P02435,O02120,2025-04-17T09:10:00+05:30,card,21,0,captured,USD
P02369,O00198,24-11-2025 07:32,cod,4.49,0,captured,USD
P01194,O00926,2026-05-03T03:21:00+05:30,netbanking,351.05,0,captured,INR
P01871,O00125,2025-12-19T19:03:00+05:30,card,55.64,0,refunded,USD
P00528,O00835,21-04-2026 01:08,upi,16.08,0,failed,USD
P01517,O01699,2026-07-17T19:16:00+05:30,upi,315.91,0,captured,INR
P02783,O00183,2026-07-11T13:17:00+05:30,wallet,818.77,0,captured,INR
P02316,O01285,2026-05-07T02:52:00+05:30,card,2396.52,0,captured,INR
P01536,O01904,2026-04-26T07:00:00+05:30,card,3.98,0.01,captured,USD
P02438,O01682,15-01-2026 13:29,wallet,3222.51,0,refunded,INR
P00800,O01267,2026-07-12T00:08:00+05:30,cod,1140.71,0,failed,INR
P01191,O01944,2025-07-14T08:10:00+05:30,cod,63.3,0,failed,USD
P00549,O00892,2026-06-26T12:32:00Z,upi,1296.1,15,captured,INR
P01794,O00034,04-06-2026 18:30,netbanking,1271.06,0,captured,INR
P01254,O00207,2025-12-12T06:37:00+05:30,cod,1833.27,0,captured,INR
P01540,O01091,2026-05-27T23:23:00+05:30,upi,1060.18,0,failed,INR
P01723,O00942,2026-01-31T11:40:00+05:30,upi,5657.13,0,refunded,INR
P02288,O01462,2026-02-05T18:49:00+05:30,card,15.39,0,captured,USD
P01151,O01109,2025-10-29T11:16:00+05:30,netbanking,1957.88,0,captured,INR
P01087,O02064,2026-04-15T18:29:00Z,upi,4618.96,0,failed,INR
P01037,O01017,2026-05-04T08:25:00Z,upi,429.47,75.79,captured,INR
P00561,O00808,03-02-2026 01:12,cod,816.45,0,captured,INR
P01092,O01226,16-05-2025 21:43,netbanking,20.67,0,captured,USD
P01386,O00899,09-06-2026 01:04,netbanking,,0,captured,INR
P01607,O00978,2025-08-27T13:17:00Z,cod,303.17,0,captured,INR
P01577,O01545,2026-06-25T16:01:00+05:30,netbanking,15.84,0,refunded,USD
P01912,O00209,08-10-2025 01:27,cod,20.6,0,captured,USD
P01252,O00526,13-12-2025 10:21,netbanking,13.26,0,captured,USD
P00275,O00194,2026-06-07T09:23:00+05:30,netbanking,312.03,0,captured,INR
P00777,O01413,2026-06-04T01:14:00Z,card,961.64,0,refunded,INR
P00450,O01841,2026-01-21T12:43:00+05:30,wallet,955.43,0,captured,INR
P01741,O01409,2026-05-05T08:27:00+05:30,card,,0,captured,INR
P01928,O01622,2026-05-05T21:01:00+05:30,upi,22.08,0,failed,USD
P01661,O01043,2026-05-18T20:07:00+05:30,wallet,28.72,0,captured,USD
P01749,O00935,2025-11-06T11:49:00+05:30,card,2005.1,0,captured,INR
P00267,O00096,2026-02-19T23:12:00+05:30,wallet,15.84,0,captured,USD
P00853,O01731,2026-06-15T21:31:00+05:30,wallet,498.28,0,captured,INR
P01708,O01388,2025-08-10T03:02:00+05:30,netbanking,14.18,0,failed,USD
P01858,O01030,2025-09-18T13:21:00+05:30,wallet,431.92,0,captured,INR
P02226,O01117,2026-02-04T00:26:00+05:30,card,1601.77,0,captured,INR
P00829,O00758,23-06-2026 00:30,cod,801.06,0,captured,INR
P01044,O01095,2025-06-15T21:16:00+05:30,wallet,8.75,0,captured,USD
P01892,O01509,2026-03-25T23:16:00+05:30,netbanking,30.14,0,captured,USD
P02576,O01701,07-07-2026 01:25,netbanking,4.94,0,captured,USD
P01788,O00727,2025-07-13T07:24:00+05:30,cod,3.98,0.01,captured,USD
P01909,O00540,2026-05-18T10:02:00+05:30,netbanking,59.18,0,pending,USD
P01878,O02051,2026-05-04T04:12:00+05:30,upi,544.46,0,captured,INR
P00925,O01458,2026-05-04T06:30:00+05:30,wallet,3242.04,0,failed,INR
P01873,O00337,2025-07-18T06:54:00+05:30,netbanking,4.99,0,refunded,USD
P00045,O01222,2026-06-01T07:41:00Z,card,11.48,0,captured,USD
P02668,O00392,2026-06-10T15:23:00+05:30,netbanking,21.87,0,refunded,USD
P00924,O00897,2026-02-01T01:06:00+05:30,wallet,702.41,0,refunded,INR
P02742,O01804,12-12-2025 16:21,card,506.32,0,captured,INR
P00690,O00103,2025-09-25T09:07:00+05:30,wallet,,0,captured,USD
P01702,O00923,2025-12-05T07:45:00+05:30,,14.5,0,failed,USD
P02558,O01590,2026-02-18T07:10:00+05:30,upi,2528.26,100,captured,INR
P01742,O01409,2026-05-10T08:27:00Z,card,2344.65,0,refunded,INR
P00653,O01661,01-02-2026 06:48,card,362.93,0,refunded,INR
P01359,O01313,2026-06-17T19:16:00Z,cod,3130.91,0,refunded,INR
P01207,O01644,09-03-2026 14:59,netbanking,392.44,0,captured,INR
P02547,O01328,2026-01-20T00:28:00+05:30,cod,6.33,0,captured,USD
P00092,O01418,2026-02-26T15:39:00+05:30,card,714.49,0,captured,INR
P00114,O00189,22-05-2026 03:58,upi,327.03,50,captured,INR
P01492,O00024,2026-01-29T17:17:00+05:30,cod,984.56,0,captured,INR
P01344,O00425,2026-03-06T15:05:00+05:30,netbanking,1682.74,0,captured,INR
P02055,O00228,14-12-2025 04:13,card,273.44,0,failed,INR
P00116,O01304,2025-06-21T18:06:00+05:30,upi,655.68,0,captured,INR
P01048,O00916,05-10-2025 00:31,wallet,674.41,0,captured,INR
P00037,O00832,15-09-2025 12:26,wallet,534.62,0,captured,INR
P01246,O01134,06-10-2025 10:26,netbanking,6.27,0,refunded,USD
P02090,O01384,04-07-2026 00:09,cod,475.2,0,captured,INR
P02462,O00888,2025-08-03T23:21:00Z,card,765.79,0,refunded,INR
P01267,O01171,09-09-2025 22:32,wallet,29.76,0,captured,USD
P00672,O00779,2025-04-19T11:38:00Z,netbanking,2672.26,0,failed,INR
P01423,O00184,2026-04-08T05:17:00Z,card,4.74,0,captured,USD
P00264,O00314,04-04-2026 12:54,card,29.37,0,failed,USD
P02441,O00858,2025-10-26T23:09:00+05:30,card,442.31,0,failed,INR
P00728,O00966,2026-06-26T02:30:00+05:30,netbanking,252.32,0,failed,INR
P02086,O00082,2026-06-08T03:08:00+05:30,upi,802.67,0,captured,INR
P00858,O01672,08-05-2026 05:12,wallet,5.66,0,refunded,USD
P02541,O00453,13-03-2026 11:47,wallet,8.41,0,captured,USD
P02304,O02080,2025-12-19T22:04:00+05:30,card,366.7,0,failed,INR
P01128,O01167,2025-09-30T09:40:00+05:30,netbanking,2812.63,0,captured,INR
P00917,O00735,05-01-2026 16:21,netbanking,9.86,0,captured,USD
P00531,O01154,2026-07-03T05:17:00+05:30,upi,3784.39,0,pending,INR
P00617,O00267,2026-02-28T22:30:00Z,cod,1801.22,0,failed,INR
P01619,O02015,2026-07-22T16:37:00+05:30,netbanking,4330.43,0,captured,INR
P02411,O00162,2026-05-19T21:10:00+05:30,card,6.62,0,refunded,USD
P02001,O01173,2026-06-24T22:43:00+05:30,cod,649.69,0,refunded,INR
P01116,O01274,26-03-2026 20:08,upi,2038.39,0,captured,INR
P00927,O01445,2026-02-03T11:11:00+05:30,upi,700.98,0,refunded,INR
P01187,O00941,17-12-2025 03:28,netbanking,364.25,0,captured,INR
P00958,O01706,29-04-2026 23:04,upi,879.27,0,captured,INR
P02449,O01428,18-04-2026 19:21,wallet,462.59,154.2,captured,INR
P01211,O01121,2026-05-22T20:22:00Z,card,789.06,0,failed,INR
P00278,O01299,2026-06-24T17:31:00Z,cod,2627.03,0,captured,INR
P02581,O01003,04-11-2025 06:34,cod,704.29,0,captured,INR
P01894,O00109,2026-06-11T19:01:00+05:30,cod,3212.47,0,refunded,INR
P00143,O01417,2026-06-25T00:19:00+05:30,wallet,22.46,0,captured,USD
P02613,O01909,07-07-2025 09:07,upi,4778.46,0,captured,INR
P01949,O00582,2026-01-20T05:20:00+05:30,cod,30.27,0,captured,USD
P00437,O00012,06-07-2026 17:33,card,450.67,0,captured,INR
P02771,O00925,2026-07-11T19:21:00+05:30,cod,500.98,0,refunded,INR
P01966,O00227,17-06-2026 11:06,upi,263.34,0,captured,INR
P02741,O01146,05-02-2026 04:51,netbanking,13.75,0,captured,USD
P01993,O02104,2026-04-21T18:06:00Z,wallet,775.4,0,captured,INR
P00895,O00437,2026-03-28T09:26:00+05:30,card,462.16,0,captured,INR
P02402,O01115,2026-05-23T23:20:00+05:30,netbanking,327.57,0,refunded,INR
P01988,O00101,2025-11-19T19:05:00Z,upi,4.49,0,captured,USD
P01474,O01900,2026-06-30T13:07:00Z,upi,5009.83,0,captured,INR
P02767,O00224,05-09-2025 03:48,upi,1799.24,0,failed,INR
P02309,O02121,2026-01-22T06:22:00Z,netbanking,2883.78,0,failed,INR
P02102,O00390,2026-04-06T22:11:00+05:30,wallet,67.37,0,captured,USD
P00742,O00852,12-05-2026 00:16,,20.08,0,captured,USD
P01883,O00205,20-02-2026 21:13,netbanking,9.94,0,captured,USD
P00139,O01770,2026-07-24T17:22:00+05:30,cod,1107.43,0,failed,INR
P01677,O01204,03-12-2025 05:13,card,6.14,0,captured,USD
P01826,O00587,12-08-2025 15:23,wallet,10.3,0,refunded,USD
P01985,O02054,2026-04-28T16:52:00+05:30,wallet,4746.56,0,captured,INR
P00467,O01494,18-01-2026 12:01,card,22.58,0,captured,USD
P02483,O02032,2026-01-23T08:59:00Z,netbanking,8.24,0,captured,USD
P02616,O01337,2025-10-07T15:58:00+05:30,cod,467.31,0,captured,INR
P01633,O00814,2026-05-20T20:20:00+05:30,card,4.5,0,refunded,USD
P01895,O01760,2026-05-31T04:45:00+05:30,card,1705.53,0,failed,INR
P00081,O02067,28-07-2026 17:23,wallet,326.12,0,refunded,INR
P00464,O02058,2026-06-21T18:41:00+05:30,card,13.67,0,refunded,USD
P01987,O01046,06-10-2025 17:42,wallet,512.7,0,captured,INR
P01557,O01297,18-06-2025 18:17,cod,5656.46,0,captured,INR
P02420,O00980,2026-03-07T02:03:00Z,card,4.24,0,captured,USD
P00167,O00021,2026-07-02T22:13:00+05:30,card,854.26,0,refunded,INR
P00673,O00779,19-04-2025 11:52,netbanking,2672.26,0,captured,INR
P01550,O01187,2026-02-11T11:34:00+05:30,card,10.16,0,captured,USD
P01319,O00737,2026-06-14T16:23:00Z,netbanking,10.53,0,captured,USD
P00080,O02067,2026-07-11T17:23:00+05:30,wallet,326.12,30,captured,INR
P00219,O00052,18-06-2026 05:55,wallet,8.38,0,captured,USD
P02673,O01866,2026-02-12T05:07:00+05:30,upi,11.04,0.03,captured,USD
P01379,O00159,13-08-2025 21:12,wallet,383.32,0,refunded,INR
P02768,O00224,2025-09-05T04:12:00+05:30,upi,1799.24,0,captured,INR
P00763,O00086,12-02-2026 02:28,netbanking,451.26,0,captured,INR
P01962,O01501,2026-03-19T09:02:00+05:30,netbanking,43.46,0,captured,USD
P01995,O02061,04-10-2025 13:32,cod,34.3,0,captured,USD
P00670,O00757,2026-02-13T22:13:00Z,netbanking,1026.74,0,refunded,INR
P00112,O00581,2026-07-15T03:21:00+05:30,wallet,6.37,0,failed,USD
P01920,O01709,2026-05-11T20:15:00+05:30,card,4654.36,0,captured,INR
P01392,O01875,08-06-2026 11:21,card,5376.75,0,failed,INR
P00849,O00572,2026-06-24T07:18:00+05:30,wallet,24.97,0,captured,USD
P01217,O01179,2025-11-18T03:21:00+05:30,card,5175.51,0,refunded,INR
P00425,O02059,2026-05-07T05:06:00+05:30,card,1020.2,180.03,captured,INR
P01093,O01309,2026-03-18T16:56:00Z,netbanking,1004.04,0,captured,INR
P00014,O01308,2026-04-17T17:37:00Z,card,1548.95,30,captured,INR
P01002,O00718,2025-11-17T15:37:00Z,cod,40.06,0.13,captured,USD
P01028,O01871,2026-06-07T20:03:00+05:30,upi,1247.6,0,captured,INR
P02039,O00197,2025-12-04T05:11:00+05:30,card,4.99,0,failed,USD
P02755,O01937,30-03-2026 07:12,card,2920.87,0,failed,INR
P02382,O01652,2025-07-29T19:13:00Z,cod,982.71,0,captured,INR
P01563,O01940,21-03-2026 09:29,upi,19.96,0,refunded,USD
P02758,O01714,2026-06-23T04:26:00+05:30,cod,12.16,0,pending,USD
P02485,O01168,13-04-2026 15:20,netbanking,3598.34,0,captured,INR
P01200,O02042,2026-07-23T00:10:00Z,wallet,1243.01,0,captured,INR
P01807,O00621,2026-06-10T18:00:00+05:30,card,8.97,0.04,captured,USD
P00354,O00393,2026-04-18T02:22:00+05:30,wallet,6.71,0.01,captured,USD
P01533,O00477,2025-10-21T11:00:00+05:30,wallet,6.74,0,captured,USD
P01346,O00956,2025-12-05T04:14:00Z,cod,1417.65,0,captured,INR
P01351,O01415,2026-04-19T20:23:00+05:30,cod,60.01,0,captured,USD
P00972,O00235,15-06-2026 14:44,card,34.94,0,captured,USD
P01500,O01217,2026-05-12T12:52:00+05:30,cod,813.03,0,captured,INR
P00280,O01680,2026-04-22T22:08:00+05:30,upi,618.9,0,failed,INR
P01374,O01094,2026-05-26T22:13:00Z,cod,476.67,0,captured,INR
P01133,O02046,2026-05-04T10:20:00Z,netbanking,2815.9,0,captured,INR
P01032,O01864,2026-06-26T09:05:00+05:30,netbanking,353.03,0,captured,INR
P01312,O01780,01-07-2026 05:05,wallet,3466.68,0,captured,INR
P00822,O00569,2025-08-30T10:22:00+05:30,cod,,0,captured,USD
P00590,O01671,2026-07-08T10:04:00+05:30,cod,54.08,0,captured,USD
P02245,O01142,02-04-2026 22:28,upi,2067.31,0,refunded,INR
P01528,O02040,25-04-2026 22:25,card,8.47,0,failed,USD
P00886,O00385,21-05-2025 12:19,netbanking,7.61,0,failed,USD
P00404,O01466,2026-07-04T06:23:00+05:30,wallet,3756.31,0,captured,INR
P00602,O01975,2026-07-15T15:24:00+05:30,netbanking,652.39,0,captured,INR
P00779,O01270,2026-05-13T03:22:00Z,card,44.53,0,captured,USD
P00447,O00854,2026-04-27T18:11:00+05:30,card,21.01,0,captured,USD
P01958,O02107,2026-04-03T06:04:00+05:30,,738.04,0,failed,INR
P00909,O01542,2026-07-19T23:30:00+05:30,card,5.67,0,captured,USD
P02263,O01525,2025-12-29T02:46:00+05:30,upi,16.41,0,captured,USD
P02356,O01623,03-06-2026 20:08,,4269.55,0,failed,INR
P00867,O00058,2026-07-14T14:35:00+05:30,netbanking,8.01,0,failed,USD
P01114,O01566,2026-01-17T20:08:00Z,cod,1923.93,0,captured,INR
P02169,O00921,20-07-2026 18:22,netbanking,4505.14,0,failed,INR
P01670,O00124,2026-07-21T11:35:00+05:30,card,29.75,0,captured,USD
P01073,O00974,2025-05-08T10:42:00Z,netbanking,509.15,30,captured,INR
P01109,O01275,2026-03-24T18:21:00+05:30,upi,1746.09,50,captured,INR
P00049,O01447,2026-05-25T00:46:00+05:30,cod,2108.39,0,captured,INR
P02520,O00229,11-07-2026 13:33,card,2616.69,50,captured,INR
P01323,O00943,2026-06-04T19:20:00+05:30,wallet,4.74,0,refunded,USD
P02513,O00900,2025-11-19T18:16:00+05:30,cod,5622.59,0,captured,INR
P01317,O00261,2026-02-06T23:26:00+05:30,upi,821.47,0,failed,INR
P00717,O00909,2026-03-05T06:59:00+05:30,cod,8.87,0,failed,USD
P00239,O01557,22-04-2026 11:35,netbanking,789.98,200,captured,INR
P02680,O00289,2026-04-23T15:53:00+05:30,upi,464.69,0,captured,INR
P02332,O00403,15-01-2026 05:09,wallet,374.79,0,failed,INR
P02797,O98579,2026-06-16T13:18:00+05:30,cod,871.09,0,captured,INR
P02776,O02031,2026-05-10T01:55:00+05:30,wallet,2496.31,0,captured,INR
P00824,O01881,2025-11-28T12:19:00+05:30,cod,25.68,0,captured,USD
P00486,O01434,2025-04-24T18:01:00Z,netbanking,4444.04,50,captured,INR
P01036,O01017,04-05-2026 08:22,upi,429.47,0,failed,INR
P01271,O01067,26-06-2026 18:07,netbanking,4.99,0,refunded,USD
P00885,O00948,06-05-2026 10:59,card,,0,captured,USD
P02127,O01617,21-05-2026 08:14,card,4982.43,0,failed,INR
P02330,O00180,15-02-2026 23:47,cod,42.9,0,captured,USD
P02560,O00655,2026-05-15T05:02:00+05:30,wallet,33.35,0,captured,USD
P02566,O01001,2026-06-02T12:57:00+05:30,wallet,4605.38,0,captured,INR
P00700,O00988,19-02-2026 06:30,upi,730.4,30,captured,INR
P01746,O00776,2026-05-14T13:50:00Z,netbanking,30.75,0,captured,USD
P01180,O01692,2026-03-18T02:29:00+05:30,upi,4.48,0.01,captured,USD
P01218,O01376,2026-01-10T03:44:00+05:30,upi,463.36,0,captured,INR
P01363,O01032,2026-06-12T14:36:00+05:30,netbanking,16.5,0,captured,USD
P00638,O00395,2026-04-15T17:36:00+05:30,netbanking,2429.66,0,captured,INR
P02596,O01201,2025-10-06T16:01:00+05:30,card,3171,0,captured,INR
P02081,O01799,2026-05-03T04:23:00Z,card,1257.06,30,captured,INR
P00793,O01594,2026-01-26T07:49:00+05:30,cod,675.29,0,captured,INR
P00845,O00627,2025-09-09T10:03:00Z,wallet,1737.22,100,captured,INR
P00642,O00018,2026-06-18T12:52:00+05:30,upi,24.01,0,failed,USD
P02262,O00665,2025-12-20T20:50:00+05:30,card,36.98,0,refunded,USD
P01531,O00260,21-07-2026 15:56,card,5413.13,0,captured,INR
P02678,O01355,13-06-2026 12:25,cod,1737.15,50,captured,INR
P00704,O01605,2026-04-29T17:53:00+05:30,card,2527.73,0,captured,INR
P02394,O01487,2025-12-09T18:40:00+05:30,card,5.49,0,captured,USD
P00414,O00378,29-05-2026 07:51,upi,1695.15,0,captured,INR
P00840,O01363,16-12-2025 23:36,card,3209.62,0,failed,INR
P01971,O00700,02-04-2026 16:39,wallet,2997.44,0,captured,INR
P02442,O00858,2025-10-26T23:30:00Z,card,,0,captured,INR
P01362,O01444,30-03-2025 09:02,wallet,16.85,0,captured,USD
P00356,O01166,2026-07-12T03:40:00+05:30,cod,554.28,0,captured,INR
P01641,O01908,2026-04-02T07:42:00+05:30,,5650.74,0,captured,INR
P00073,O01263,2026-06-14T10:08:00Z,wallet,524.19,0,captured,INR
P00170,O01383,2026-02-18T12:25:00Z,cod,796.67,0,failed,INR
P01055,O01359,2026-02-19T16:01:00+05:30,wallet,489.26,0,captured,INR
P00493,O01349,2025-10-25T23:05:00+05:30,wallet,10.24,0,captured,USD
P02237,O00793,30-01-2026 14:40,cod,806.71,30,captured,INR
P00497,O01677,2025-12-27T10:29:00+05:30,netbanking,3440.69,0,captured,INR
P00229,O01627,21-01-2026 22:13,wallet,2999.45,0,captured,INR
P00593,O01751,2026-07-06T04:55:00+05:30,netbanking,42.43,0,captured,USD
P01631,O00855,2026-02-25T07:25:00+05:30,netbanking,2342.93,0,pending,INR
P02477,O01803,2026-05-18T08:19:00Z,cod,326.31,57.58,captured,INR
P02210,O02048,10-01-2026 09:35,netbanking,30.06,0,failed,USD
P00050,O02081,2026-05-08T15:57:00+05:30,upi,4.49,0,captured,USD
P02417,O01535,03-06-2026 08:44,card,1676.29,100,captured,INR
P02604,O01967,17-05-2026 04:47,wallet,679.78,0,captured,INR
P00475,O00429,2026-08-02T18:35:00+05:30,netbanking,5.15,0,refunded,USD
P01440,O01015,2025-09-15T14:49:00+05:30,,2653.47,0,captured,INR
P00457,O00434,2026-05-30T20:59:00+05:30,card,23.37,0,captured,USD
P00128,O00447,2025-06-25T05:55:00+05:30,netbanking,6.3,0,captured,USD
P00372,O01978,09-11-2025 09:58,card,5048.04,0,failed,INR
P02743,O01804,2025-12-22T16:21:00+05:30,card,506.32,0,refunded,INR
P00377,O00302,2025-09-05T22:46:00Z,cod,489.78,0,captured,INR
P00770,O01139,2026-07-19T08:54:00Z,netbanking,4977.78,0,failed,INR
P02693,O02035,2026-02-15T06:29:00+05:30,card,697.72,0,captured,INR
P02106,O01776,2026-05-06T20:49:00Z,card,2589.75,0,refunded,INR
P01188,O01162,2026-01-27T16:18:00Z,card,15,0,failed,USD
P02004,O01122,2025-11-23T21:27:00+05:30,cod,56.46,0,captured,USD
P00270,O01411,06-05-2026 16:26,card,43.13,0.22,captured,USD
P02231,O00605,08-07-2026 07:11,upi,45.38,0,captured,USD
P02510,O01175,02-03-2026 05:13,card,982.51,0,captured,INR
P02140,O00221,2026-07-23T17:28:00+05:30,upi,3508.65,0,captured,INR
P02113,O00306,30-06-2026 16:08,upi,770.66,0,failed,INR
P01735,O00040,2025-05-28T18:21:00+05:30,wallet,2441.09,0,captured,INR
P02211,O01816,2026-03-04T21:14:00Z,upi,2628.52,0,captured,INR
P02399,O00583,2025-10-03T21:57:00+05:30,wallet,14,0,captured,USD
P00316,O00632,2026-06-10T13:13:00+05:30,cod,5.97,0,refunded,USD
P01838,O00634,2026-05-30T17:25:00+05:30,card,1957.75,0,refunded,INR
P01518,O01699,2026-07-30T19:16:00+05:30,upi,315.91,0,refunded,INR
P02488,O02098,2026-07-01T21:06:00+05:30,wallet,5688.34,0,captured,INR
P01774,O01172,2025-10-23T08:19:00+05:30,card,36.52,0,captured,USD
P01889,O00362,2026-02-02T18:33:00+05:30,netbanking,441.7,0,captured,INR
P01637,O00334,2026-06-01T21:15:00+05:30,netbanking,1625.28,0,captured,INR
P02634,O01543,2025-12-10T16:21:00+05:30,wallet,36.35,0,captured,USD
P00416,O01512,28-07-2026 08:24,netbanking,65.33,0,refunded,USD
P02732,O01942,2026-06-02T15:41:00Z,cod,17.07,0,captured,USD
P02145,O00748,18-07-2026 06:52,upi,,0,captured,INR
P00510,O00193,09-09-2025 20:13,,682.12,0,captured,INR
P01600,O01812,07-10-2025 06:42,wallet,1355.54,0,captured,INR
P02602,O00715,2026-05-03T01:57:00+05:30,wallet,640.32,0,captured,INR
P00649,O01369,2026-01-07T23:14:00+05:30,wallet,445.41,0,captured,INR
P02246,O00566,2026-06-26T20:46:00+05:30,wallet,333.87,0,captured,INR
P01450,O00412,2026-04-10T04:11:00+05:30,cod,1868.2,0,failed,INR
P00942,O01782,2026-06-20T05:29:00Z,upi,4.74,0,failed,USD
P01181,O01692,2026-04-04T02:29:00Z,upi,2.24,0,refunded,USD
P01655,O00446,2026-07-04T18:28:00Z,wallet,337.27,15,captured,INR
P02041,O00197,2025-12-08T05:22:00Z,card,4.99,0,refunded,USD
P02754,O01649,19-07-2026 16:30,cod,16.77,0,captured,USD
P00979,O00252,2025-10-21T21:19:00+05:30,netbanking,857.47,0,captured,INR
P00257,O01795,2026-06-12T08:46:00Z,cod,4.91,0,captured,USD
P02269,O01468,06-02-2026 20:14,card,328.04,0,failed,INR
P00592,O01973,21-03-2026 21:55,upi,590.69,0,captured,INR
P01259,O00725,2026-07-01T09:24:00+05:30,cod,13.86,0.07,captured,USD
P02654,O00409,2026-03-29T10:12:00+05:30,wallet,6.35,0.02,captured,USD
P00134,O01834,2025-10-15T16:14:00+05:30,upi,45,0.14,captured,USD
P02328,O01771,2026-03-29T11:34:00+05:30,wallet,2358.54,0,refunded,INR
P02546,O01753,01-02-2026 20:50,netbanking,1711.04,0,captured,INR
P01334,O00714,2026-01-29T16:00:00+05:30,upi,501.45,0,failed,INR
P00031,O01615,2026-03-30T17:38:00+05:30,cod,10.76,0.03,captured,USD
P00206,O00628,13-06-2026 17:31,cod,1656.07,0,refunded,INR
P01115,O01566,21-01-2026 20:08,cod,1923.93,0,refunded,INR
P01951,O02071,2026-06-22T05:41:00Z,cod,40.34,0.08,captured,USD
P00559,O01681,15-04-2026 16:12,card,3030.35,0,refunded,INR
P01315,O00529,2026-07-04T22:11:00+05:30,card,4.99,0,failed,USD
P02799,O95753,2025-09-29T00:14:00Z,card,2183.18,0,captured,INR
P01162,O01569,2026-02-16T14:17:00+05:30,wallet,493.83,0,captured,INR
P02431,O00466,2025-10-03T08:16:00Z,upi,352.92,0,captured,INR
P00362,O00351,2026-02-20T07:17:00+05:30,cod,5.96,0,captured,USD
P00152,O00426,21-01-2026 07:08,card,4674.58,0,refunded,INR
P00803,O01732,2026-04-14T13:18:00Z,card,28.9,0,failed,USD
P00074,O00066,2025-09-07T11:10:00+05:30,netbanking,4919.84,200,captured,INR
P01332,O00938,2026-07-01T19:25:00+05:30,netbanking,1037.6,0,captured,INR
P02584,O00565,2026-07-21T13:45:00+05:30,upi,58.86,0,captured,USD
P01125,O01019,2025-12-05T13:21:00Z,card,4574.34,0,refunded,INR
P01832,O01818,2026-07-04T16:05:00Z,cod,2668.36,0,captured,INR
P02317,O01132,26-11-2025 18:15,wallet,1419.93,0,captured,INR
P00506,O00216,2026-03-26T00:46:00Z,netbanking,34.49,0,failed,USD
P00815,O00860,2026-03-22T02:09:00+05:30,card,11.55,0,captured,USD
P01693,O00360,2026-01-21T06:02:00+05:30,upi,2893.58,0,refunded,INR
P00501,O00220,24-04-2026 03:07,netbanking,16.29,0,captured,USD
P01898,O01968,2026-06-13T10:10:00+05:30,wallet,1413.83,0,captured,INR
P02597,O01016,2026-03-17T10:26:00+05:30,cod,,0.03,captured,USD
P00344,O00324,2026-01-26T23:11:00+05:30,cod,2579.82,0,captured,INR
P00747,O01323,2025-11-25T19:30:00+05:30,wallet,648.46,15,captured,INR
P01792,O00236,2025-09-28T07:01:00Z,netbanking,8.79,0,captured,USD
P02264,O01271,09-02-2026 10:13,card,4.49,0,captured,USD
P00126,O00313,2025-08-01T15:44:00+05:30,cod,567.79,0,captured,INR
P02134,O00363,2026-06-10T21:19:00+05:30,wallet,6.94,0,captured,USD
P01827,O01697,21-04-2026 18:03,card,4541.49,0,failed,INR
P00866,O01370,21-07-2025 06:24,wallet,2310.97,0,failed,INR
P00127,O00365,23-11-2025 10:22,cod,,0,captured,INR
P00227,O01839,04-06-2026 22:23,netbanking,340.92,0,captured,INR
P00890,O00702,2026-06-11T19:03:00+05:30,wallet,31.15,0,captured,USD
P00864,O01281,2026-01-05T04:24:00Z,card,9,0,captured,USD
P01940,O01389,2026-01-02T14:24:00Z,cod,2036.99,0,failed,INR
P02458,O00475,2026-04-07T10:14:00+05:30,card,5303.98,0,captured,INR
P01412,O01306,01-05-2026 08:42,netbanking,1658.75,0,captured,INR
P00504,O00503,26-03-2026 02:12,cod,5.67,0,failed,USD
P00381,O00993,12-06-2026 23:32,cod,4.74,0,captured,USD
P02655,O00409,2026-04-16T10:12:00Z,wallet,6.35,0,refunded,USD
P01126,O00468,2026-04-09T14:30:00Z,netbanking,2860.64,0,captured,INR
P01024,O00720,2026-03-30T20:12:00Z,,4.99,0,failed,USD
P02786,O01582,2026-05-09T13:39:00Z,netbanking,19.64,0,pending,USD
P01598,O00850,2026-07-12T23:56:00+05:30,upi,,0,captured,INR
P01410,O01787,2025-09-26T20:08:00+05:30,cod,59.64,0,captured,USD
P00580,O01365,2026-03-01T22:08:00Z,cod,57.27,0,captured,USD
P01853,O00057,23-09-2025 08:17,netbanking,635.67,0,failed,INR
P01736,O00179,2026-05-27T16:05:00+05:30,,695.61,0,captured,INR
P02538,O00073,2026-07-04T20:57:00+05:30,card,4895.31,0,captured,INR
P00396,O01673,2025-12-16T23:18:00+05:30,netbanking,4.74,0,failed,USD
P02367,O00809,24-11-2025 08:15,card,9.61,0,captured,USD
P00982,O01086,29-04-2026 14:05,card,559.4,0,captured,INR
P00197,O00600,2026-06-03T11:15:00Z,netbanking,1849.44,0,failed,INR
P02045,O01488,18-07-2026 13:20,,535.42,0,captured,INR
P02357,O01728,2026-06-21T06:48:00+05:30,cod,2670.12,50,captured,INR
P02787,O00596,21-05-2026 05:09,upi,1307.43,0,captured,INR
P01105,O00206,2026-06-03T19:04:00+05:30,cod,1146.55,0,refunded,INR
P00998,O01305,2026-06-01T08:45:00+05:30,netbanking,42.89,0.13,captured,USD
P02688,O00102,15-02-2026 14:37,netbanking,9.65,0,captured,USD
P00776,O01413,2026-05-26T01:14:00+05:30,card,961.64,0,captured,INR
P01282,O00823,2026-04-06T10:45:00Z,wallet,868.24,0,captured,INR
P01468,O01633,06-04-2025 12:05,wallet,1206.65,0,captured,INR
P02459,O00847,2025-05-25T03:20:00Z,card,1263.52,0,failed,INR
P02276,O01336,2025-11-08T00:05:00Z,,947.23,0,failed,INR
P01321,O00943,21-05-2026 19:10,wallet,4.74,0,failed,USD
P01230,O01591,24-07-2025 10:41,wallet,32.89,0,captured,USD
P00330,O00790,2025-09-25T06:54:00+05:30,netbanking,330.71,0,captured,INR
P01045,O00469,20-01-2026 11:19,cod,1305.37,0,captured,INR
P00236,O02074,2026-06-01T23:38:00Z,netbanking,490.12,0,failed,INR
P02324,O00158,2026-07-24T13:04:00+05:30,wallet,561.12,0,captured,INR
P02297,O00651,2026-04-23T15:56:00+05:30,wallet,1087.18,0,captured,INR
P02632,O00061,2025-09-26T11:19:00Z,upi,23.92,0.04,captured,USD
P01793,O00631,2026-01-24T00:10:00+05:30,wallet,20.45,0,captured,USD
P02598,O01786,06-05-2026 20:13,wallet,1654.37,0,captured,INR
P00697,O00791,2025-10-13T09:31:00+05:30,card,529.26,0,captured,INR
P02272,O00148,2026-07-15T18:07:00+05:30,cod,830.17,0,captured,INR
P01272,O00585,2026-05-03T18:19:00+05:30,wallet,869.69,0,failed,INR
P01799,O01136,2026-05-20T23:07:00Z,cod,521.3,0,captured,INR
P01101,O00226,2026-01-16T02:17:00+05:30,wallet,40.9,0,captured,USD
P01463,O00644,27-03-2026 06:21,upi,1329.96,0,captured,INR
P01554,O00604,2026-03-13T04:34:00+05:30,upi,1664.86,0,failed,INR
P02486,O00578,11-06-2025 17:12,cod,1360.33,0,captured,INR
P00930,O01058,28-07-2026 06:35,wallet,714.64,0,refunded,INR
P00120,O01886,2026-06-12T11:41:00+05:30,cod,4.24,0,failed,USD
P00410,O01521,2026-05-18T12:45:00+05:30,wallet,17.19,0,refunded,USD
P01753,O00509,2026-07-11T02:36:00Z,netbanking,16.99,0,failed,USD
P01208,O01644,2026-03-25T14:59:00+05:30,netbanking,392.44,0,refunded,INR
P01538,O00074,2026-02-03T14:05:00+05:30,netbanking,5.48,0,captured,USD
P02143,O01646,2026-05-04T10:51:00Z,,787.57,0,failed,INR
P02432,O02057,2025-12-15T21:24:00+05:30,card,950.73,0,failed,INR
P01165,O01014,08-06-2026 03:01,card,20.34,0.06,captured,USD
P00363,O01831,2026-07-02T03:55:00Z,card,364.31,15,captured,INR
P00305,O01089,2026-03-10T06:21:00Z,wallet,7.67,0,captured,USD
P00778,O01024,2026-02-15T03:08:00Z,upi,19.02,0,captured,USD
P01082,O01707,2025-11-06T17:17:00+05:30,card,2761.4,0,refunded,INR
P02244,O01142,2026-03-30T22:28:00Z,upi,2067.31,0,captured,INR
P02138,O00094,2026-05-25T17:09:00Z,cod,4850.32,0,captured,INR
P01475,O00133,18-08-2025 17:07,cod,11.2,0,failed,USD
P01198,O00550,2025-12-12T11:21:00+05:30,wallet,515.46,0,captured,INR
P01956,O01550,01-07-2026 02:39,card,1083.85,100,captured,INR
P01824,O01090,2026-05-01T07:15:00Z,cod,997.14,0,failed,INR
P00283,O01358,06-02-2026 20:45,wallet,11.13,0,refunded,USD
P00759,O00004,2026-06-24T10:12:00+05:30,wallet,7.28,0,refunded,USD
P02622,O00657,2026-01-19T13:39:00+05:30,upi,3550.79,0,failed,INR
P01574,O00044,2026-01-22T11:16:00Z,wallet,8.93,0,captured,USD
P00511,O01103,2026-05-21T17:26:00+05:30,netbanking,574.46,30,captured,INR
P02078,O00219,25-06-2026 03:26,upi,6.87,0,captured,USD
P01549,O01385,30-10-2025 23:27,cod,506.44,0,failed,INR
P02213,O00203,2026-02-06T11:48:00+05:30,upi,6.57,0,captured,USD
P02782,O01540,2026-04-03T08:55:00Z,card,646.27,0,captured,INR
P00533,O01642,2026-06-26T16:36:00+05:30,card,23.69,0,failed,USD
P01913,O00209,2025-10-27T01:27:00+05:30,cod,20.6,0,refunded,USD
P01147,O01567,2026-06-06T02:56:00+05:30,cod,38.9,0,captured,USD
P01730,O01236,2026-01-06T07:53:00+05:30,netbanking,63.91,0,refunded,USD
P00640,O00511,01-08-2025 20:21,netbanking,14.3,0,captured,USD
P00648,O00243,2026-01-15T07:04:00+05:30,wallet,1785.43,0,captured,INR
P00818,O01301,2026-01-08T04:43:00+05:30,card,3.99,0,captured,USD
P00507,O00564,2026-01-08T02:49:00+05:30,wallet,815.03,0,failed,INR
P01294,O01077,2026-04-22T13:26:00+05:30,,465.42,0,captured,INR
P00313,O01548,2026-04-29T00:30:00+05:30,wallet,1656.29,0,captured,INR
P01679,O01276,2025-11-19T17:50:00+05:30,wallet,61.59,0,refunded,USD
P00279,O01299,2026-07-07T17:31:00+05:30,cod,2627.03,0,refunded,INR
P02679,O01231,16-06-2026 15:28,upi,64.4,0.32,captured,USD
P01356,O00463,2026-02-20T00:46:00+05:30,netbanking,450.05,0,failed,INR
P01910,O00199,2025-06-08T18:30:00+05:30,card,2765.69,0,captured,INR
P01900,O00764,2025-07-27T09:11:00+05:30,upi,10.05,0,captured,USD
P00698,O00348,2026-04-27T23:28:00+05:30,wallet,954.63,15,captured,INR
P01622,O00156,2026-02-16T12:35:00+05:30,cod,929.35,0,failed,INR
P02094,O01698,2026-06-15T23:13:00+05:30,card,6.18,0,captured,USD
P00811,O01480,2025-11-19T16:15:00+05:30,wallet,343.73,0,captured,INR
P02318,O01132,15-12-2025 18:15,wallet,1419.93,0,refunded,INR
P00948,O00386,2025-03-20T07:54:00+05:30,,2019.68,0,captured,INR
P01727,O01609,2025-08-26T12:05:00+05:30,netbanking,10.51,0,captured,USD
P01397,O01801,2026-07-14T23:16:00Z,upi,364.04,0,refunded,INR
P02611,O01473,2025-04-29T14:03:00+05:30,netbanking,51.06,0.26,captured,USD
P01078,O00837,2026-07-08T16:20:00+05:30,cod,38.13,0.07,captured,USD
P00599,O00532,21-08-2025 09:28,wallet,16.34,0,refunded,USD
P01430,O01119,21-03-2026 16:08,card,,0,captured,USD
P01160,O00065,2026-01-09T00:37:00+05:30,netbanking,24.08,0,failed,USD
P02747,O01991,2026-05-28T03:27:00+05:30,wallet,9.83,0,refunded,USD
P01848,O00670,2026-07-15T02:17:00+05:30,wallet,1897.81,0,refunded,INR
P00681,O01038,2026-02-03T15:49:00Z,,14.69,0,refunded,USD
P00914,O01763,2026-07-16T15:54:00+05:30,cod,8.18,0,captured,USD
P00016,O01835,02-05-2026 20:34,netbanking,61.54,0,captured,USD
P02070,O02063,2025-11-14T02:31:00+05:30,,3075.5,0,captured,INR
P02515,O00255,2026-02-02T08:22:00+05:30,card,2579.05,0,captured,INR
P02174,O01571,2026-01-27T07:50:00+05:30,upi,2031.13,0,captured,INR
P01934,O00443,18-03-2026 21:51,netbanking,4.99,0,captured,USD
P01716,O00912,2026-02-23T09:34:00Z,wallet,39.71,0,refunded,USD
P00309,O01808,30-10-2025 14:36,upi,922.36,0,refunded,INR
P00222,O00696,2026-06-09T19:29:00+05:30,netbanking,12.93,0,captured,USD
P00458,O00276,2026-01-13T05:21:00+05:30,wallet,3457.46,30,captured,INR
P00359,O00253,25-04-2026 18:46,netbanking,1665.07,0,captured,INR
P01553,O01163,2025-12-18T09:03:00+05:30,wallet,3442.42,0,refunded,INR
P02006,O01984,03-06-2026 02:13,cod,4.99,0,captured,USD
P00075,O01423,11-07-2025 00:28,card,,0,captured,INR
P01097,O00771,19-04-2025 09:17,upi,67.19,0,failed,USD
P02537,O02022,2026-04-17T02:01:00+05:30,upi,2956.36,0,refunded,INR
P00161,O00117,2025-10-04T22:09:00+05:30,upi,1837.08,0,captured,INR
P00519,O01718,2025-06-04T17:19:00+05:30,card,952.99,0,captured,INR
P01839,O00896,2026-03-05T13:47:00+05:30,netbanking,15.68,0,captured,USD
P00791,O00474,2026-06-26T10:25:00+05:30,card,1901.19,0,failed,INR
P00841,O00105,2026-06-23T07:05:00+05:30,upi,3271.38,0,captured,INR
P00188,O00792,09-04-2026 23:13,upi,12.64,0.06,captured,USD
P01488,O00354,10-06-2026 16:25,wallet,698.49,0,captured,INR
P02409,O00473,2026-04-17T16:13:00+05:30,wallet,1386.09,0,captured,INR
P00060,O00677,2026-06-23T02:20:00+05:30,card,3393.28,0,captured,INR
P02723,O00562,2026-07-16T14:38:00Z,card,653.2,100,captured,INR
P01714,O01969,12-02-2026 10:22,cod,4688.55,0,failed,INR
P02036,O00682,06-02-2026 16:18,wallet,2052.3,0,failed,INR
P00087,O00039,2026-07-03T14:41:00Z,cod,10.89,0,failed,USD
P00970,O01367,2025-12-27T13:47:00+05:30,wallet,10.93,0,failed,USD
P01010,O01185,2026-05-14T06:11:00+05:30,card,1071.52,100,captured,INR
P01997,O00273,2026-07-09T04:21:00Z,cod,,0,captured,USD
P02314,O01650,24-02-2026 16:27,netbanking,5.93,0,failed,USD
P01709,O01388,2025-08-10T03:26:00+05:30,netbanking,14.18,0,captured,USD
P00626,O01078,16-03-2025 04:06,card,8.42,0,captured,USD
P00370,O01619,2026-06-19T15:53:00Z,wallet,2354.14,200,captured,INR
P01625,O01993,25-03-2026 21:17,netbanking,19.57,0,refunded,USD
P00422,O01552,2026-04-22T12:52:00+05:30,cod,2650.02,0,failed,INR
P02008,O01845,20-12-2025 13:37,card,65.3,0,captured,USD
P00001,O01221,2026-02-21T08:18:00Z,netbanking,276.81,100,captured,INR
P02583,O00565,2026-07-21T13:34:00Z,upi,58.86,0,failed,USD
P02261,O00665,05-12-2025 20:50,card,36.98,0,captured,USD
P02054,O01533,2026-06-18T17:06:00+05:30,card,491.66,163.88,captured,INR
P01857,O01405,14-03-2026 16:54,cod,2491.37,0,captured,INR
P00782,O02110,2026-04-18T09:32:00Z,netbanking,463.65,0,failed,INR
P01408,O00019,2026-06-03T21:25:00+05:30,wallet,9.7,0,failed,USD
P01378,O00159,2025-08-07T21:12:00+05:30,wallet,383.32,0,captured,INR
P02709,O00575,2025-08-10T19:36:00Z,upi,617.83,30,captured,INR
P02233,O01498,2026-07-22T05:39:00+05:30,netbanking,784.65,0,captured,INR
P00218,O01936,07-03-2026 08:12,card,3712.01,0,failed,INR
P00880,O01514,2026-05-16T15:47:00+05:30,card,564.46,0,failed,INR
P01763,O01640,2026-06-02T15:31:00Z,netbanking,812.77,0,captured,INR
P02294,O00471,08-06-2026 06:56,netbanking,386.09,0,captured,INR
P01874,O00217,2026-02-10T18:09:00+05:30,wallet,1635.22,100,captured,INR
P01813,O01544,2026-06-18T05:29:00+05:30,netbanking,629.41,0,captured,INR
P00936,O00774,23-05-2026 01:56,cod,3450.01,0,failed,INR
P00261,O00742,2026-04-14T06:55:00+05:30,wallet,1168.39,0,refunded,INR
P02012,O00752,02-05-2026 02:20,cod,1779.75,0,captured,INR
P01499,O01791,2025-12-16T10:25:00+05:30,cod,19.77,0,refunded,USD
P00108,O01624,19-07-2026 21:28,cod,4979.07,0,captured,INR
P00271,O01933,2026-05-07T09:39:00+05:30,wallet,1660.39,0,failed,INR
P02361,O00881,2026-04-12T04:32:00+05:30,wallet,2483.94,0,captured,INR
P00334,O02097,2026-01-10T22:00:00+05:30,netbanking,266.86,0,failed,INR
P00547,O00441,2025-10-24T14:45:00Z,wallet,694.38,0,captured,INR
P00908,O00826,2026-01-25T23:47:00+05:30,cod,3641.68,0,captured,INR
P02319,O00266,2026-04-29T08:44:00+05:30,card,834.74,100,captured,INR
P01190,O01162,03-02-2026 16:35,card,15,0,refunded,USD
P00732,O01443,2025-12-06T01:17:00+05:30,netbanking,988.96,0,captured,INR
P00276,O00194,2026-06-26T09:23:00Z,netbanking,312.03,0,refunded,INR
P00780,O00784,10-04-2026 20:14,,43.57,0.19,captured,USD
P00647,O01813,25-05-2025 10:03,,40.81,0,captured,USD
P00659,O00602,2025-07-27T23:24:00+05:30,netbanking,2634.12,0,captured,INR
P02221,O02111,2026-08-11T15:00:00+05:30,upi,14.88,0,captured,USD
P00020,O00996,27-05-2026 03:33,card,840.06,0,captured,INR
P01810,O00594,2026-06-23T09:24:00Z,cod,325.64,0,captured,INR
P00418,O01531,2026-07-23T02:24:00+05:30,netbanking,301.69,0,failed,INR
P01472,O00440,01-07-2026 21:17,upi,30.28,0,pending,USD
P00193,O00813,07-06-2026 09:54,netbanking,2714.46,0,captured,INR
P00579,O01578,2026-01-09T05:25:00Z,netbanking,31.14,0,captured,USD
P01760,O01426,2026-01-25T06:03:00+05:30,upi,9.85,0,captured,USD
P00460,O00499,2026-05-12T18:38:00Z,netbanking,2670.66,0,refunded,INR
P01532,O01479,01-05-2026 11:15,card,911.23,30,captured,INR
P01526,O01381,05-05-2026 11:16,card,1087.79,0,captured,INR
P00557,O01651,2026-06-13T10:19:00+05:30,wallet,,0,captured,USD
P01103,O01883,2025-05-14T11:50:00+05:30,wallet,3274.45,0,captured,INR
P00646,O01813,25-05-2025 09:53,,40.81,0,failed,USD
P01562,O01940,2026-02-28T09:29:00+05:30,upi,19.96,0,captured,USD
P02533,O00325,2026-06-16T22:25:00+05:30,wallet,451.22,0,captured,INR
P00186,O01081,2026-02-28T18:33:00Z,netbanking,273.75,0,failed,INR
P01930,O01477,09-02-2026 23:09,card,2644.19,0,captured,INR
P02105,O01776,21-04-2026 20:49,card,2589.75,0,captured,INR
P00656,O02076,2025-04-03T09:05:00+05:30,cod,282.94,0,captured,INR
P02368,O00809,27-11-2025 08:15,card,9.61,0,refunded,USD
P01154,O00122,2026-02-10T09:41:00+05:30,card,3339.74,0,captured,INR
P02223,O01796,15-04-2026 23:47,cod,5.84,0,failed,USD
P01573,O01215,24-06-2025 08:01,card,2060.09,0,captured,INR
P01132,O02046,2026-05-04T10:06:00+05:30,netbanking,2815.9,0,failed,INR
P02069,O00259,2026-03-02T02:48:00+05:30,netbanking,5584.59,0,refunded,INR
P01613,O00092,2026-06-19T19:58:00+05:30,netbanking,781.51,0,failed,INR
P00065,O01872,2026-01-23T22:12:00+05:30,upi,358.94,100,captured,INR
P02023,O01667,01-06-2026 14:12,cod,23.97,0.04,captured,USD
P02161,O00875,2025-11-30T22:14:00+05:30,upi,4796.17,0,captured,INR
P00887,O00385,2025-05-21T12:31:00Z,netbanking,7.61,0,captured,USD
P02200,O00871,2026-02-16T23:32:00+05:30,upi,415.78,0,captured,INR
P02508,O00063,03-10-2025 17:10,card,3265.45,0,captured,INR
P01738,O00113,2026-05-09T08:12:00+05:30,netbanking,4997.86,0,captured,INR
P01270,O01067,13-06-2026 18:07,netbanking,4.99,0,captured,USD
P00939,O00556,19-05-2026 11:23,card,24.02,0.05,captured,USD
P01124,O01019,27-11-2025 13:21,card,4574.34,0,captured,INR
P02035,O00780,05-06-2026 04:27,card,4.49,0,captured,USD
P01164,O02066,2026-07-05T07:34:00Z,card,4.99,0,captured,USD
P01833,O00639,2026-05-22T12:01:00+05:30,netbanking,2467.75,0,captured,INR
P01071,O00679,2026-04-29T18:40:00Z,upi,312.75,0,pending,INR
P00491,O01035,27-01-2026 13:44,cod,704.15,0,failed,INR
P00783,O01330,2026-05-02T15:13:00+05:30,wallet,818.11,15,captured,INR
P00851,O01513,2026-03-04T12:06:00+05:30,card,4.49,0,captured,USD
P02339,O01212,2025-08-22T07:34:00+05:30,cod,1898.13,0,captured,INR
P00937,O00774,2026-05-23T02:10:00+05:30,cod,3450.01,0,captured,INR
P00820,O00305,2026-06-04T13:18:00+05:30,netbanking,1525.15,0,refunded,INR
P00597,O01740,2026-05-26T02:46:00Z,cod,1697.4,0,captured,INR
P00548,O00892,2026-06-26T12:13:00+05:30,upi,1296.1,0,failed,INR
P02580,O00400,03-05-2026 16:49,upi,4572.83,0,captured,INR
P02247,O00566,17-07-2026 20:46,wallet,333.87,0,refunded,INR
P00830,O02011,2026-07-11T21:12:00+05:30,wallet,653.7,0,captured,INR
P00333,O00841,24-12-2025 10:26,wallet,2480.18,0,captured,INR
P02630,O01025,2026-04-07T23:54:00Z,netbanking,,0,captured,INR
P02744,O00678,2025-09-10T03:29:00Z,card,395.15,0,captured,INR
P00220,O00946,2025-12-13T17:19:00+05:30,wallet,390.14,0,captured,INR
P02468,O00164,28-03-2026 04:10,upi,500.97,0,captured,INR
P01926,O01235,2026-07-04T18:29:00+05:30,card,28.83,0,failed,USD
P02278,O00487,2025-11-02T03:30:00+05:30,cod,5.59,0,captured,USD
P00208,O00256,2026-06-08T16:28:00Z,card,369.98,0,captured,INR
P00944,O00836,29-06-2026 00:04,wallet,4.99,0,captured,USD
P01974,O01250,27-09-2025 09:37,upi,326.4,0,captured,INR
P02080,O00591,2025-10-11T22:29:00+05:30,wallet,1238.81,0,pending,INR
P00524,O00567,2025-09-05T09:52:00Z,netbanking,19.6,0,failed,USD
P00004,O01807,2026-06-03T15:15:00+05:30,card,1513.72,200,captured,INR
P00331,O01455,2026-01-07T04:06:00+05:30,netbanking,7.61,0,captured,USD
P00478,O00961,2026-07-13T09:03:00+05:30,netbanking,35.68,0,failed,USD
P02633,O01575,2025-08-01T10:02:00Z,,1718.02,15,captured,INR
P00788,O01378,2025-12-01T14:06:00+05:30,card,980.82,0,failed,INR
P00104,O00132,05-07-2026 16:53,netbanking,843.64,0,refunded,INR
P00018,O01225,27-05-2026 23:22,netbanking,20.66,0,failed,USD
P01247,O01857,2026-04-29T03:05:00+05:30,card,1651.22,0,failed,INR
P02038,O01118,2025-11-09T18:45:00+05:30,cod,707.86,0,captured,INR
P02048,O02003,19-04-2026 17:01,card,11.63,0,captured,USD
P02599,O00803,2026-06-08T21:01:00Z,wallet,699.34,0,captured,INR
P01485,O00141,2026-06-25T10:44:00+05:30,wallet,9.82,0,captured,USD
P00628,O01833,10-07-2026 09:38,card,62.91,0.2,captured,USD
P00123,O02065,2026-02-18T16:33:00+05:30,card,66.85,0,refunded,USD
P01915,O01668,2026-05-24T12:34:00Z,card,1698.31,0,captured,INR
P00307,O01515,2026-06-16T05:48:00+05:30,card,10.42,0.02,captured,USD
P00210,O02037,2026-05-07T21:20:00+05:30,wallet,417.9,0,captured,INR
P01787,O01503,2025-09-17T15:31:00+05:30,wallet,62.32,0,captured,USD
P00130,O01020,2026-01-26T23:48:00Z,wallet,1727.82,0,captured,INR
P02509,O01246,2025-10-06T01:40:00Z,upi,373.85,0,captured,INR
P00281,O01680,2026-04-22T22:21:00+05:30,upi,618.9,50,captured,INR
P01498,O01791,07-12-2025 10:25,cod,19.77,0,captured,USD
P02770,O00925,2026-07-04T19:21:00+05:30,cod,500.98,0,captured,INR
P01113,O02020,2025-07-29T11:38:00+05:30,wallet,36.37,0,captured,USD
P00719,O01055,2026-03-02T18:09:00Z,netbanking,15.51,0,failed,USD
P00884,O01665,2026-05-28T01:58:00+05:30,,68.37,0.19,captured,USD
P02325,O00805,2026-01-09T21:06:00Z,cod,1856.4,0,captured,INR
P01290,O01800,2026-05-07T12:53:00+05:30,netbanking,1267.81,0,captured,INR
P02540,O01695,2026-06-16T09:45:00+05:30,netbanking,2767.85,15,captured,INR
P02384,O01549,2026-03-07T18:57:00+05:30,card,14.2,0,captured,USD
P00499,O00893,2025-11-04T08:50:00+05:30,upi,11.89,0,refunded,USD
P00029,O01981,2026-01-06T12:25:00Z,card,2615.26,15,captured,INR
P01100,O00489,2026-02-08T21:24:00+05:30,cod,5698.55,0,failed,INR
P00976,O00502,2026-06-26T01:23:00Z,wallet,1780.7,0,captured,INR
P02669,O01877,15-05-2026 00:12,cod,61.3,0,captured,USD
P00095,O01843,06-10-2025 00:57,netbanking,3634.68,0,captured,INR
P00933,O00990,2025-08-11T00:00:00+05:30,cod,29.45,0,captured,USD
P02285,O00693,2026-02-17T13:33:00+05:30,,3139.73,0,captured,INR
P01192,O01944,14-07-2025 08:34,cod,63.3,0,captured,USD
P01805,O01265,2026-05-18T14:56:00Z,card,5340.39,100,captured,INR
P00675,O00322,2026-03-10T21:19:00+05:30,wallet,6.8,0,failed,USD
P01354,O01895,2026-02-04T07:16:00+05:30,netbanking,31.56,0,failed,USD
P02191,O01197,10-06-2026 19:27,cod,398.83,0,captured,INR
P02326,O00805,25-01-2026 21:06,cod,1856.4,0,refunded,INR
P01295,O02093,2025-06-03T23:28:00+05:30,netbanking,541.1,0,failed,INR
P02428,O00374,2026-03-13T13:31:00Z,wallet,32.19,0,failed,USD
P01777,O00902,2026-02-23T17:57:00Z,wallet,951.88,200,captured,INR
P00237,O01047,20-03-2026 00:11,card,2824.28,0,failed,INR
P02675,O00300,2026-03-20T00:59:00Z,wallet,1857.86,0,captured,INR
P00374,O01705,2026-02-01T04:57:00+05:30,netbanking,21,0.07,captured,USD
P01062,O02123,23-11-2025 06:27,netbanking,616.78,0,failed,INR
P01851,O01930,2025-11-10T18:31:00+05:30,cod,388.04,0,failed,INR
P00516,O00684,2026-06-09T06:02:00+05:30,card,13.69,0,failed,USD
P01748,O00218,2025-10-14T08:13:00+05:30,upi,320.08,0,captured,INR
P02536,O02022,2026-03-30T02:01:00Z,upi,2956.36,30,captured,INR
P00708,O00704,2026-06-20T23:19:00+05:30,card,347.35,0,failed,INR
P01413,O00095,2026-07-09T17:20:00+05:30,upi,16.76,0,failed,USD
P02670,O00681,18-05-2026 18:28,cod,3422.11,0,captured,INR
P02656,O01774,2026-05-19T10:33:00Z,card,1747.46,0,captured,INR
P02695,O00801,17-04-2026 05:40,netbanking,,0,captured,USD
P02763,O01928,2025-08-30T22:33:00+05:30,card,824.17,0,captured,INR
P00692,O00271,2026-04-02T11:49:00+05:30,cod,326.86,0,captured,INR
P02506,O00031,2025-08-11T04:19:00+05:30,upi,2288.63,0,captured,INR
P01906,O01357,2026-07-04T11:27:00+05:30,netbanking,20.81,0,captured,USD
P01248,O01857,2026-04-29T03:29:00+05:30,card,1651.22,0,captured,INR
P00591,O01973,2026-03-21T21:41:00+05:30,upi,590.69,0,failed,INR
P02390,O00754,2025-12-07T23:59:00+05:30,cod,5179.48,0,captured,INR
P00945,O01674,2025-10-26T15:26:00+05:30,wallet,55.65,0,captured,USD
P00804,O01732,2026-04-14T13:28:00+05:30,card,28.9,0,captured,USD
P02522,O01406,2026-04-05T09:29:00+05:30,cod,42.79,0,captured,USD
P00419,O00527,2026-01-17T21:29:00+05:30,wallet,245.65,81.89,captured,INR
P00651,O01661,2026-01-25T06:32:00Z,card,362.93,0,failed,INR
P00468,O01008,2026-02-21T17:18:00+05:30,upi,4.99,0,captured,USD
P00620,O01300,2026-04-19T04:15:00+05:30,card,8.52,0,refunded,USD
P01333,O01876,2026-05-02T13:32:00+05:30,cod,2966.8,0,captured,INR
P02487,O00578,2025-06-29T17:12:00Z,cod,1360.33,0,refunded,INR
P02565,O01868,2026-01-21T18:12:00+05:30,card,14.83,0,refunded,USD
P01979,O01789,2026-05-16T04:12:00+05:30,wallet,4.74,0,refunded,USD
P00754,O00722,2026-06-16T03:14:00+05:30,wallet,2599.82,0,refunded,INR
P00530,O01360,07-05-2026 08:03,upi,1335.19,0,pending,INR
P02066,O00153,29-09-2025 15:05,cod,65.16,0,refunded,USD
P00326,O00883,2026-02-21T18:41:00+05:30,card,14.46,0,refunded,USD
P02607,O01064,15-07-2026 21:22,wallet,4663.05,0,captured,INR
P02033,O00431,2025-10-22T16:30:00+05:30,wallet,4604.14,50,captured,INR
P01636,O01894,13-04-2026 00:21,card,3023.4,0,captured,INR
P01361,O01364,2025-07-14T00:48:00Z,card,746.91,0,failed,INR
P02124,O00015,2026-06-04T09:31:00Z,netbanking,4.99,0,captured,USD
P01704,O01922,2025-11-23T18:45:00+05:30,netbanking,33.25,0.06,captured,USD
P02795,O97277,2026-03-07T03:53:00+05:30,upi,2977.65,0,captured,INR
P01017,O00599,2025-05-19T02:40:00+05:30,wallet,1483.58,0,captured,INR
P00874,O01320,27-04-2026 15:03,netbanking,1617.52,0,captured,INR
P02137,O00041,2026-06-11T02:12:00+05:30,cod,1007.86,15,captured,INR
P00836,O02060,15-11-2025 18:33,card,5.7,0,captured,USD
P01299,O01956,27-03-2026 19:06,wallet,6.67,0.01,captured,USD
P00473,O01450,2025-06-08T06:23:00+05:30,netbanking,2520.92,0,captured,INR
P02564,O01868,18-01-2026 18:12,card,14.83,0,captured,USD
P02289,O00824,01-01-2026 16:03,,1145.31,0,captured,INR
P01564,O01620,2025-11-21T02:26:00+05:30,netbanking,19.66,0.06,captured,USD
P01053,O00971,2026-07-13T01:43:00+05:30,upi,4.99,0,captured,USD
P01476,O00133,2025-08-18T17:23:00+05:30,cod,11.2,0,captured,USD
P01897,O01220,22-04-2026 17:28,netbanking,59.5,0,captured,USD
P02359,O00339,2026-05-29T14:26:00+05:30,upi,,0,captured,INR
P01789,O00727,2025-07-28T07:24:00+05:30,cod,3.98,0,refunded,USD
P00947,O01207,2025-11-19T13:03:00+05:30,,27.38,0,refunded,USD
P02757,O01937,2026-04-13T07:29:00+05:30,card,2920.87,0,refunded,INR
P01650,O00419,2026-03-02T00:38:00+05:30,wallet,4.49,0,captured,USD
P02512,O00689,2025-10-11T01:47:00Z,card,2029.78,0,captured,INR
P01908,O01452,19-05-2026 21:44,netbanking,38.37,0,captured,USD
P02103,O00323,2025-10-20T19:25:00+05:30,upi,6.34,0,captured,USD
P02514,O00255,02-02-2026 08:08,card,2579.05,0,failed,INR
P00105,O01331,2025-09-24T10:09:00+05:30,wallet,509.8,0,captured,INR
P00869,O01534,16-07-2026 05:21,,564.71,0,refunded,INR
P00677,O01810,2026-02-05T10:16:00+05:30,upi,61.25,0,failed,USD
P01393,O01875,2026-06-08T11:37:00+05:30,card,5376.75,200,captured,INR
P01373,O01838,2026-06-21T15:10:00+05:30,cod,344.18,0,captured,INR
P02270,O00279,15-02-2026 16:24,netbanking,682.34,0,failed,INR
P01043,O00834,2025-08-20T08:34:00+05:30,wallet,40.27,0,captured,USD
P02072,O00763,2026-02-19T02:02:00+05:30,wallet,13.54,0,captured,USD
P00214,O01317,2025-08-28T22:16:00+05:30,netbanking,39.4,0,refunded,USD
P00946,O01207,2025-11-07T13:03:00Z,,27.38,0,captured,USD
P00789,O00983,02-08-2025 09:27,card,799.15,0,failed,INR
P00041,O01068,20-11-2025 06:16,cod,661.63,50,captured,INR
P00448,O00042,2026-06-26T16:33:00+05:30,netbanking,39.12,0,failed,USD
P01199,O00550,2025-12-19T11:21:00+05:30,wallet,515.46,0,refunded,INR
P01825,O00587,2025-08-02T15:23:00Z,wallet,10.3,0,captured,USD
P00135,O00312,2026-04-20T09:20:00+05:30,netbanking,4.99,0,failed,USD
P01225,O02018,2025-04-16T09:07:00+05:30,card,9.81,0,captured,USD
P02523,O00513,2025-09-17T20:56:00+05:30,wallet,5038.43,0,captured,INR
P02711,O00535,2026-03-10T11:12:00+05:30,upi,3298.99,0,refunded,INR
P01041,O01343,12-11-2025 16:17,card,18.3,0.09,captured,USD
P00706,O01608,2026-04-30T00:17:00+05:30,netbanking,2434.9,0,captured,INR
P00284,O00514,2026-05-23T12:05:00+05:30,wallet,559.68,0,failed,INR
P00825,O01244,27-03-2026 19:53,netbanking,621.17,200,captured,INR
P00312,O01548,2026-04-29T00:26:00+05:30,wallet,1656.29,0,failed,INR
P00611,O01716,2025-11-05T08:29:00+05:30,cod,63.25,0,refunded,USD
P02101,O00517,2026-06-15T11:23:00+05:30,card,10.65,0.02,captured,USD
P02177,O01769,05-04-2026 05:16,card,7.31,0,captured,USD
P00298,O01176,2026-07-02T18:39:00Z,netbanking,3494.17,0,captured,INR
P01222,O01715,2025-12-03T14:28:00Z,netbanking,1800.31,0,captured,INR
P00424,O01203,2026-07-12T06:19:00+05:30,,1222.65,0,captured,INR
P02753,O00387,2026-06-22T21:01:00+05:30,cod,,0,captured,USD
P01257,O02041,05-06-2026 02:26,upi,8.72,0,captured,USD
P00843,O00120,2025-12-03T12:29:00+05:30,card,1777.46,0,captured,INR
P02002,O01424,2025-10-09T14:29:00Z,wallet,729.66,128.76,captured,INR
P01355,O00463,2026-02-20T00:37:00+05:30,netbanking,450.05,0,failed,INR
P02704,O01083,2025-12-24T10:14:00+05:30,cod,1975.26,0,captured,INR
P02135,O02083,2026-01-04T01:22:00+05:30,cod,9.32,0,failed,USD
P01829,O01170,2025-08-23T15:06:00+05:30,card,59.89,0,refunded,USD
P01451,O00412,2026-04-10T04:35:00+05:30,cod,,0,captured,INR
P01311,O00612,2026-03-10T14:24:00+05:30,netbanking,3559.67,15,captured,INR
P02194,O00690,2026-03-28T03:14:00+05:30,cod,2031.32,0,captured,INR
P00076,O00165,2026-03-17T00:22:00+05:30,upi,930.44,0,failed,INR
P01890,O01446,2025-09-11T14:05:00+05:30,wallet,3140.66,100,captured,INR
P00024,O01891,2026-01-07T05:11:00+05:30,cod,2036.43,0,refunded,INR
P01624,O01993,2026-03-15T21:17:00Z,netbanking,19.57,0,captured,USD
P01084,O02016,02-07-2026 19:01,netbanking,20.14,0,captured,USD
P00155,O01982,2026-06-17T19:33:00Z,card,4.99,0,captured,USD
P01003,O00316,2026-04-08T07:20:00Z,wallet,40.66,0,captured,USD
P00645,O01826,06-07-2026 07:29,wallet,300.62,0,pending,INR
P01186,O01205,29-03-2026 06:39,upi,981.89,0,refunded,INR
P02087,O01832,2026-06-26T21:16:00Z,,2563.89,0,captured,INR
P02780,O00806,2026-06-13T23:14:00Z,netbanking,2606.54,100,captured,INR
P00691,O00103,02-10-2025 09:07,wallet,5.46,0,refunded,USD
P00654,O01100,2026-07-16T16:22:00+05:30,netbanking,6.16,0,captured,USD
P01980,O01224,2025-11-07T00:35:00+05:30,wallet,4.96,0,failed,USD
P01461,O02014,21-06-2026 00:20,card,467.33,0,failed,INR
P02439,O00080,2025-04-05T12:20:00+05:30,netbanking,8.26,0,captured,USD
P01602,O00546,2026-04-28T13:14:00+05:30,netbanking,8.08,0,failed,USD
P01360,O01364,2025-07-14T00:43:00+05:30,card,746.91,0,failed,INR
P01911,O01979,24-05-2026 06:19,cod,6.27,0,captured,USD
P02445,O00233,2026-06-24T07:14:00+05:30,card,1169.98,0,captured,INR
P01047,O01009,2026-07-19T21:19:00Z,card,572.59,0,captured,INR
P02014,O00885,2026-05-31T22:12:00Z,wallet,553.67,0,captured,INR
P01640,O01854,2025-12-14T05:59:00Z,card,1168.32,0,captured,INR
P01680,O01326,2026-06-22T15:10:00+05:30,card,4.99,0,captured,USD
P01801,O01189,2026-06-20T06:03:00+05:30,card,11.28,0.02,captured,USD
P00622,O01079,2026-06-19T04:18:00+05:30,netbanking,384.65,0,captured,INR
P00084,O01391,26-04-2026 19:34,netbanking,440.16,0,captured,INR
P01924,O01279,15-03-2026 20:33,card,5186.85,0,captured,INR
P00797,O00231,2026-01-11T10:52:00+05:30,cod,2399.39,0,captured,INR
P01196,O02034,2026-02-24T03:24:00Z,netbanking,6.64,0,captured,USD
P02453,O00327,16-10-2025 01:24,upi,2717.34,0,failed,INR
P00669,O00757,2026-01-29T22:13:00Z,netbanking,1026.74,0,captured,INR
P02788,O01375,2026-06-28T07:18:00Z,cod,17.08,0.03,captured,USD
P00251,O00462,22-12-2025 06:29,upi,526.03,0,refunded,INR
P01955,O00913,2026-06-29T16:39:00+05:30,wallet,1225.42,0,captured,INR
P01255,O00358,2026-04-17T23:54:00+05:30,cod,1936.53,0,failed,INR
P00064,O01641,2026-04-27T02:23:00+05:30,wallet,11.64,0,captured,USD
P00057,O00989,2026-03-06T08:06:00+05:30,wallet,568.26,15,captured,INR
P01618,O01943,2026-07-14T01:16:00+05:30,upi,2181.5,100,captured,INR
P00973,O00840,2026-01-21T05:25:00Z,netbanking,1267.55,50,captured,INR
P02005,O00866,2026-04-29T03:18:00Z,wallet,755.55,0,captured,INR
P00106,O01045,2026-07-07T09:15:00Z,card,45.1,0,pending,USD
P01079,O01576,25-05-2026 12:41,card,371.73,0,failed,INR
P00336,O00355,2025-10-13T00:24:00+05:30,card,8.98,0,failed,USD
P01352,O01720,2025-12-13T01:39:00Z,netbanking,23.53,0,captured,USD
P00177,O01298,19-07-2026 01:04,wallet,37.83,0,captured,USD
P00387,O01946,2025-08-26T13:00:00+05:30,cod,221.14,0,refunded,INR
P01779,O00142,24-07-2025 02:19,upi,1266.79,0,captured,INR
P00821,O00547,2026-06-17T12:19:00+05:30,netbanking,4507.05,0,captured,INR
P01285,O01129,2026-05-28T00:06:00+05:30,netbanking,682.59,0,failed,INR
P02379,O00285,2025-04-13T00:06:00Z,cod,3696.21,0,captured,INR
P02197,O00137,12-04-2026 04:18,netbanking,944.07,15,captured,INR
P02255,O01865,2026-07-12T10:55:00+05:30,cod,585,0,captured,INR
P00595,O01837,2026-01-11T05:32:00+05:30,cod,495.67,87.47,captured,INR
P00567,O01914,13-05-2026 10:48,card,2004.85,0,captured,INR
P00335,O00116,16-04-2026 09:10,netbanking,10.72,0,captured,USD
P01954,O00913,2026-06-29T16:23:00+05:30,wallet,1225.42,0,failed,INR
P00184,O01149,09-07-2026 22:16,netbanking,7.24,0,captured,USD
P01733,O01006,2026-05-10T13:36:00+05:30,wallet,351.93,0,captured,INR
P02392,O00011,2026-02-17T17:25:00Z,netbanking,1629.13,0,failed,INR
P01467,O01633,2025-04-06T12:03:00Z,wallet,1206.65,0,failed,INR
P02785,O01887,02-05-2026 14:28,card,14.23,0,refunded,USD
P00385,O01395,2026-04-10T06:54:00+05:30,netbanking,65.97,0,captured,USD
P01102,O00226,2026-01-31T02:17:00+05:30,wallet,40.9,0,refunded,USD
P01143,O01155,2026-06-30T15:53:00+05:30,card,21.49,0,refunded,USD
P01455,O00525,2026-02-24T19:18:00+05:30,cod,424.68,0,captured,INR
P02229,O00849,2025-12-22T10:20:00+05:30,cod,1411.84,0,captured,INR
P01790,O00918,2026-06-07T21:08:00+05:30,upi,348.8,0,captured,INR
P02621,O01741,23-07-2026 20:20,netbanking,3074.22,0,refunded,INR
P01505,O01481,07-07-2026 01:03,netbanking,11.19,0,refunded,USD
P00573,O01995,12-07-2026 03:47,cod,785.78,0,refunded,INR
P02201,O00664,2026-02-13T17:06:00+05:30,card,903.51,100,captured,INR
P00743,O00510,2026-03-22T12:03:00+05:30,netbanking,5629.16,100,captured,INR
P02781,O01948,2026-03-12T14:49:00+05:30,upi,412.9,30,captured,INR
P00067,O00878,09-04-2025 23:16,netbanking,1912.21,0,captured,INR
P02139,O00221,2026-07-23T17:12:00+05:30,upi,3508.65,0,failed,INR
P00744,O02044,2026-07-22T16:22:00+05:30,upi,892.51,0,failed,INR
P01453,O00311,26-07-2025 14:22,cod,311.2,0,failed,INR
P00993,O00755,2026-05-20T20:08:00Z,upi,1878.57,0,refunded,INR
P01689,O01628,2026-04-18T12:27:00Z,netbanking,1227.99,0,failed,INR
P01729,O01236,22-12-2025 07:53,netbanking,63.91,0,captured,USD
P02798,O91409,17-04-2026 16:19,cod,771.95,0,captured,INR
P01382,O00084,23-12-2025 10:29,card,1908.18,0,captured,INR
P01136,O01911,2026-05-24T21:31:00+05:30,card,1265.36,0,refunded,INR
P01991,O01836,2026-07-06T00:11:00+05:30,upi,1169.24,0,captured,INR
P00434,O00181,30-09-2025 11:31,wallet,2877.32,0,captured,INR
P00148,O01060,2026-07-21T00:12:00+05:30,card,1026.6,0,refunded,INR
P00088,O00767,2026-03-26T10:29:00Z,card,353.94,0,captured,INR
P02117,O01088,11-01-2026 14:54,upi,4.35,0,captured,USD
P02355,O01827,17-04-2026 19:10,card,605.09,0,captured,INR
P02490,O01712,2026-07-15T10:59:00Z,netbanking,4.99,0,captured,USD
P00327,O00638,2026-02-20T05:18:00+05:30,cod,771.9,0,captured,INR
P01366,O00147,07-03-2026 06:23,wallet,947.6,0,captured,INR
P01560,O00067,2026-03-19T08:14:00+05:30,upi,12.82,0,refunded,USD
P00470,O01603,2025-08-30T15:17:00Z,card,1299.05,0,refunded,INR
P01146,O00907,22-11-2025 18:03,upi,2431.7,0,captured,INR
P01571,O02092,2025-09-14T11:38:00Z,netbanking,506.18,0,captured,INR
P01758,O02122,2026-07-09T20:55:00+05:30,card,218.8,100,captured,INR
P00142,O01213,2026-07-14T14:25:00+05:30,upi,2781.97,0,captured,INR
P00639,O00701,21-07-2026 01:57,wallet,633.32,30,captured,INR
P01313,O00090,2025-09-19T23:19:00+05:30,cod,51.36,0,captured,USD
P02804,O94810,2026-06-08T13:18:00+05:30,wallet,1966.23,0,captured,INR
P00661,O00904,26-07-2025 13:17,upi,400.45,0,refunded,INR
P00560,O00808,03-02-2026 01:08,cod,816.45,0,failed,INR
P01707,O01453,2026-03-02T17:46:00+05:30,wallet,1259.71,0,captured,INR
P02257,O00282,2026-02-05T11:24:00+05:30,wallet,7.68,0,captured,USD
P02562,O01186,25-05-2026 18:19,card,7.44,0,captured,USD
P01365,O00829,2026-02-16T08:31:00+05:30,wallet,1237.38,0,captured,INR
P00137,O01793,2025-08-18T14:20:00+05:30,wallet,54.34,0,failed,USD
P00802,O01614,2026-01-03T15:13:00+05:30,netbanking,27.63,0,captured,USD
P01144,O00430,2026-01-29T20:04:00+05:30,netbanking,4.99,0,captured,USD
P01264,O00428,2026-05-23T14:04:00+05:30,wallet,482.49,0,captured,INR
P01001,O02085,2026-02-14T09:40:00Z,upi,3540.41,0,captured,INR
P02284,O00856,26-04-2026 22:10,upi,1086.13,100,captured,INR
P00761,O00076,2025-04-08T05:47:00Z,card,29.04,0,refunded,USD
P00774,O00485,2026-03-25T10:54:00+05:30,upi,3607.46,100,captured,INR
P00808,O00648,16-04-2026 20:08,cod,2444.5,0,failed,INR
P01555,O00335,2025-07-12T23:40:00+05:30,cod,3241.59,0,failed,INR
P02260,O01527,2025-08-31T11:07:00+05:30,,9.09,0,captured,USD
P01052,O00971,2026-07-13T01:27:00+05:30,upi,4.99,0,failed,USD
P00879,O00770,2026-05-01T15:23:00+05:30,card,542.14,0,refunded,INR
P01887,O01075,01-09-2025 15:40,upi,65.44,0,captured,USD
P01698,O01049,2025-03-04T16:31:00+05:30,cod,2785.96,200,captured,INR
P02792,O94321,2026-05-16T08:22:00Z,wallet,408.6,0,captured,INR
P00787,O00895,2025-06-08T21:08:00+05:30,netbanking,8.08,0,captured,USD
P01131,O00269,2026-03-01T00:13:00+05:30,card,653.7,15,captured,INR
P02151,O00699,15-05-2026 23:31,wallet,701.41,0,captured,INR
P01303,O00603,2025-06-17T23:09:00Z,netbanking,641.16,0,captured,INR
P01070,O00710,2026-07-14T19:25:00+05:30,wallet,436.29,0,refunded,INR
P02074,O00825,2025-09-22T03:24:00+05:30,cod,2549.9,0,captured,INR
P02196,O01870,2025-06-16T05:20:00+05:30,cod,7.27,0,refunded,USD
P02722,O01472,2026-06-22T08:39:00Z,cod,8.02,0,refunded,USD
P02075,O01340,2026-04-18T16:54:00+05:30,wallet,9.44,0,failed,USD
P02609,O00136,2026-05-06T18:42:00+05:30,netbanking,1364.51,0,captured,INR
P00668,O02038,2025-12-18T03:08:00Z,wallet,27.16,0.14,captured,USD
P00563,O01414,2026-06-22T20:08:00+05:30,card,5651.44,0,pending,INR
P02586,O01949,2026-06-01T15:05:00+05:30,card,466.01,0,captured,INR
P00610,O01716,16-10-2025 08:29,cod,63.25,0.12,captured,USD
P00010,O00356,2025-07-31T05:54:00+05:30,netbanking,2270.4,0,failed,INR
P01587,O00672,27-05-2026 01:04,netbanking,4520.95,0,pending,INR
P02082,O00397,2026-03-25T11:08:00+05:30,netbanking,714.46,0,captured,INR
P01175,O00332,2026-06-07T03:05:00+05:30,card,1180.62,0,captured,INR
P01961,O01501,2026-03-19T08:43:00+05:30,netbanking,43.46,0,failed,USD
P01692,O00360,2025-12-25T06:02:00Z,upi,2893.58,15,captured,INR
P02427,O01902,30-04-2026 22:03,card,55.92,0,refunded,USD
P01278,O00828,18-04-2026 06:00,card,1123.15,0,failed,INR
P00980,O01419,2026-06-09T14:08:00+05:30,card,33.42,0,captured,USD
P02640,O01401,2025-05-18T08:16:00+05:30,card,511,0,failed,INR
P01236,O01844,11-05-2026 11:01,wallet,13.85,0.04,captured,USD
P02698,O01011,2026-07-29T21:58:00Z,upi,14.56,0,refunded,USD
P00480,O01840,2026-06-08T21:56:00+05:30,upi,1031.86,0,captured,INR
P02424,O01013,2026-02-03T02:02:00+05:30,upi,2007.05,0,captured,INR
P01676,O01438,09-07-2026 19:13,upi,1945.26,0,captured,INR
P01830,O01066,2026-06-08T03:25:00+05:30,cod,719.81,0,captured,INR
P01433,O00372,2026-02-27T16:04:00Z,netbanking,49.3,0,refunded,USD
P02030,O01421,2026-07-24T01:07:00+05:30,netbanking,4.96,0,refunded,USD
P00446,O01530,2026-06-24T01:32:00+05:30,card,386.77,0,captured,INR
P01863,O00548,2026-07-22T03:11:00Z,card,1688.54,0,captured,INR
P02559,O00636,2026-05-15T12:06:00Z,upi,965.02,0,captured,INR
P00401,O00007,2026-01-04T20:21:00+05:30,card,3534.18,0,refunded,INR
P01629,O01105,2025-12-02T04:16:00+05:30,cod,4.49,0,pending,USD
P00674,O00361,2025-11-12T14:48:00+05:30,cod,8.27,0,captured,USD
P02112,O02077,2026-01-13T07:29:00+05:30,netbanking,5310.7,0,captured,INR
P00079,O02036,2026-01-16T22:43:00+05:30,netbanking,332.05,0,refunded,INR
P00061,O01564,2026-01-16T05:11:00+05:30,netbanking,801.69,0,captured,INR
P00163,O00016,2026-06-03T09:02:00Z,netbanking,3071.59,30,captured,INR
P00713,O01150,27-08-2025 13:12,upi,740.36,0,captured,INR
P00695,O01412,2025-09-27T18:38:00Z,wallet,1380.66,0,captured,INR
P02077,O01340,2026-04-28T17:19:00+05:30,wallet,9.44,0,refunded,USD
P00608,O00439,2025-09-25T20:44:00+05:30,upi,4.99,0,captured,USD
P00794,O01593,26-06-2026 16:05,,3640.97,0,captured,INR
P01016,O01070,2026-07-04T20:41:00Z,upi,1419.03,50,captured,INR
P02593,O01255,18-12-2025 01:59,,6.33,0,captured,USD
P01209,O01345,2026-07-21T15:21:00+05:30,netbanking,16.32,0,captured,USD
P00618,O00267,28-02-2026 22:39,cod,1801.22,0,captured,INR
P01696,O00333,2026-04-14T08:29:00+05:30,upi,2061.77,0,captured,INR
P00833,O01726,05-03-2026 20:42,card,336.9,0,refunded,INR
P01284,O00876,01-07-2026 04:14,cod,650.1,0,captured,INR
P02236,O00933,2026-04-30T23:21:00Z,cod,9.51,0,failed,USD
P02567,O01001,2026-06-20T12:57:00+05:30,wallet,4605.38,0,refunded,INR
P00790,O00983,2025-08-02T09:44:00+05:30,card,799.15,0,captured,INR
P00042,O02069,2026-04-05T19:26:00+05:30,netbanking,1540.27,0,failed,INR
P00769,O00543,2026-06-09T07:13:00+05:30,card,1204.42,0,captured,INR
P01372,O00928,17-11-2025 05:22,netbanking,12.16,0.04,captured,USD
P01628,O01931,2026-04-17T12:31:00Z,netbanking,2725.97,0,captured,INR
P02556,O02030,2026-03-08T09:33:00+05:30,cod,4606.13,0,refunded,INR
P01007,O01959,2026-04-02T15:24:00+05:30,upi,2314.67,0,failed,INR
P02519,O00229,11-07-2026 13:17,card,2616.69,0,failed,INR
P00826,O00381,23-10-2025 17:13,cod,5589.01,0,captured,INR
P00259,O01554,2026-03-25T20:12:00+05:30,upi,6.13,0.01,captured,USD
P02227,O01951,2026-07-23T22:00:00Z,upi,291.12,0,captured,INR
P01375,O00451,2025-08-26T10:26:00+05:30,card,1948.05,0,captured,INR
P01049,O01913,2026-06-01T13:26:00Z,card,1390.17,30,captured,INR
P00919,O00640,2026-01-02T09:02:00+05:30,cod,2053.74,0,failed,INR
P00875,O00433,18-08-2025 21:20,cod,2482.84,0,captured,INR
P01644,O01339,2026-07-11T01:15:00Z,upi,4.99,0,refunded,USD
P02209,O01324,2026-03-27T02:44:00Z,card,595.17,0,captured,INR
P02189,O02106,2026-03-24T16:53:00+05:30,upi,269.01,30,captured,INR
P00097,O01916,21-06-2026 19:13,upi,523.85,0,refunded,INR
P02021,O01987,30-03-2026 17:19,upi,3058.6,15,captured,INR
P01783,O01422,08-07-2026 10:25,wallet,4.99,0,captured,USD
P00390,O00505,30-07-2026 11:44,upi,53.94,0,refunded,USD
P01432,O00372,2026-02-09T16:04:00Z,netbanking,49.3,0,captured,USD
P02691,O01505,2026-07-15T10:27:00+05:30,upi,4.99,0,captured,USD
P02713,O01425,2026-07-12T13:05:00Z,card,821.48,0,failed,INR
P02046,O01790,2026-01-14T12:20:00+05:30,card,4420.26,0,captured,INR
P01341,O01165,2026-02-20T01:14:00Z,wallet,853.26,0,captured,INR
P02192,O01742,2025-10-23T20:30:00+05:30,card,324.4,108.14,captured,INR
P01396,O01801,27-06-2026 23:16,upi,364.04,0,captured,INR
P00397,O01673,2025-12-16T23:21:00Z,netbanking,4.74,0,captured,USD
P00635,O00111,2025-03-25T06:26:00+05:30,netbanking,4.99,0,failed,USD
P00981,O01744,09-06-2026 11:18,upi,1026.39,0,captured,INR
P00395,O00756,2026-06-25T08:10:00+05:30,netbanking,13.31,0,captured,USD
P01936,O01817,2025-11-24T01:22:00+05:30,upi,15.39,0,failed,USD
P02371,O00674,27-11-2025 12:41,netbanking,7.91,0,refunded,USD
P01706,O00241,2026-04-01T12:18:00Z,cod,5.06,0,captured,USD
P01872,O00337,2025-07-09T06:54:00Z,netbanking,4.99,0,captured,USD
P01766,O00048,2026-03-12T04:12:00+05:30,card,3112.42,0,captured,INR
P02433,O02057,15-12-2025 21:42,card,950.73,0,captured,INR
P01695,O00333,2026-04-14T08:21:00+05:30,upi,2061.77,0,failed,INR
P01943,O00185,2026-05-21T16:21:00+05:30,netbanking,366.62,30,captured,INR
P02340,O00812,02-07-2025 22:11,cod,1977.47,0,captured,INR
P00263,O00035,2026-06-14T02:27:00Z,wallet,58.74,0,refunded,USD
P00248,O01291,2026-02-12T19:20:00Z,upi,1810.24,0,captured,INR
P01970,O00700,02-04-2026 16:19,wallet,2997.44,0,failed,INR
P01431,O00140,2025-08-29T18:07:00+05:30,wallet,4.79,0,failed,USD
P00629,O02023,2026-03-25T19:38:00+05:30,wallet,485.47,0,failed,INR
P01096,O02021,2026-04-09T14:09:00+05:30,card,39.8,0,refunded,USD
P00463,O02058,05-06-2026 18:41,card,13.67,0,captured,USD
P00569,O00998,2026-07-18T02:59:00+05:30,,37.04,0,captured,USD
P00100,O01693,26-11-2025 10:35,card,4.99,0,refunded,USD
P00718,O00909,2026-03-05T07:21:00+05:30,cod,8.87,0.04,captured,USD
P00477,O00160,2026-06-30T11:58:00+05:30,wallet,966.82,0,captured,INR
P00013,O00867,02-07-2026 07:15,netbanking,6.68,0.02,captured,USD
P02358,O01728,2026-07-11T06:48:00Z,cod,2670.12,0,refunded,INR
P01634,O00152,2026-01-31T01:46:00Z,cod,4.97,0,failed,USD
P02426,O01902,2026-04-25T22:03:00+05:30,card,55.92,0.11,captured,USD
P01969,O01546,22-03-2026 10:32,wallet,4687.29,0,failed,INR
P02429,O00374,2026-03-13T13:37:00Z,wallet,32.19,0,captured,USD
P01617,O01607,09-03-2026 07:57,wallet,65.29,0,captured,USD
P01434,O02029,07-07-2026 07:15,netbanking,2832.46,200,captured,INR
P01989,O00344,2025-09-27T13:57:00+05:30,upi,23.45,0,captured,USD
P02446,O00901,2026-01-07T14:11:00Z,cod,4794.42,0,captured,INR
P02545,O00270,2026-06-08T08:14:00+05:30,card,4.49,0,captured,USD
P01177,O00843,19-11-2025 10:03,netbanking,841.61,0,captured,INR
P00292,O01926,23-02-2026 09:29,card,344.88,0,failed,INR
P01075,O00234,2026-03-16T14:16:00Z,cod,790.49,0,captured,INR
P02610,O01140,2026-02-26T08:26:00Z,card,6.63,0,captured,USD
P01012,O01823,07-11-2025 06:12,wallet,6.69,0,failed,USD
P01035,O00108,2026-01-07T03:02:00+05:30,upi,3630.38,0,failed,INR
P00144,O01471,2025-11-30T19:42:00Z,upi,4989.45,0,captured,INR
P02460,O00888,2025-07-16T23:10:00+05:30,card,765.79,0,failed,INR
P01875,O00222,09-09-2025 17:11,netbanking,3622.38,0,failed,INR
P02636,O01174,2026-07-15T01:07:00Z,wallet,7.32,0,failed,USD
P00003,O00169,2025-03-27T05:15:00+05:30,upi,356.09,0,captured,INR
P00894,O01539,2026-06-03T20:35:00+05:30,netbanking,8.62,0,refunded,USD
P00814,O00508,09-09-2025 09:10,netbanking,6.67,0,captured,USD
P02280,O01921,24-06-2026 09:24,,368.14,0,captured,INR
P00007,O00274,2025-09-28T00:21:00+05:30,wallet,971.81,0,captured,INR
P01061,O00563,2026-04-03T08:15:00+05:30,wallet,2674.49,30,captured,INR
P02756,O01937,2026-03-30T07:29:00+05:30,card,2920.87,0,captured,INR
P01088,O02064,2026-04-15T18:44:00+05:30,upi,4618.96,0,captured,INR
P00082,O00215,01-10-2025 10:23,netbanking,3695.87,0,captured,INR
P00589,O00467,2025-10-20T02:06:00+05:30,wallet,3258.54,0,captured,INR
P02657,O00846,2026-05-08T06:33:00Z,cod,491.29,0,captured,INR
P00806,O01565,2026-02-15T22:48:00Z,card,4.99,0,captured,USD
P01983,O00191,2025-11-26T07:30:00+05:30,card,3169.67,0,captured,INR
P02505,O02013,13-05-2026 17:36,card,39.18,0,captured,USD
P01339,O00731,2026-05-03T09:32:00+05:30,cod,1294.39,0,captured,INR
P00641,O00018,2026-06-18T12:28:00+05:30,upi,24.01,0,failed,USD
P02009,O00382,2025-12-24T11:43:00+05:30,upi,4515.37,50,captured,INR
P02791,O98854,2026-06-30T16:36:00+05:30,upi,2634.45,0,captured,INR
P02391,O01897,2025-07-22T16:34:00Z,netbanking,1978.28,0,captured,INR
P01287,O01192,2026-04-16T14:34:00+05:30,upi,641.18,0,captured,INR
P01819,O00277,2025-06-10T06:44:00Z,wallet,936.41,0,refunded,INR
P01743,O01062,11-07-2026 02:16,upi,7.98,0,captured,USD
P00131,O01020,2026-02-13T23:48:00Z,wallet,1727.82,0,refunded,INR
P02299,O00491,2026-05-23T16:06:00+05:30,wallet,4821.81,0,captured,INR
P02190,O01197,10-06-2026 19:05,cod,398.83,0,failed,INR
P02040,O00197,2025-12-04T05:22:00Z,card,4.99,0,captured,USD
P01459,O01325,2026-06-28T11:18:00Z,wallet,2417.47,0,captured,INR
P00752,O01106,08-05-2026 17:32,upi,1778.32,0,pending,INR
P00022,O00656,26-10-2025 05:56,upi,1768.33,0,captured,INR
P00189,O01371,08-07-2026 22:08,cod,1815.93,100,captured,INR
P01882,O02033,2025-03-01T21:30:00Z,,321.31,0,failed,INR
P01881,O01302,21-05-2026 23:36,wallet,515.2,0,captured,INR
P02171,O00921,2026-07-26T18:36:00+05:30,netbanking,4505.14,0,refunded,INR
P02644,O01190,2025-10-04T12:28:00+05:30,wallet,28.93,0,captured,USD
P02037,O00682,06-02-2026 16:25,wallet,2052.3,0,captured,INR
P01984,O01910,19-06-2026 00:53,,827.26,0,captured,INR
P00953,O00307,03-03-2026 20:07,netbanking,631.51,0,captured,INR
P02625,O01144,2026-05-07T06:16:00Z,upi,4.99,0,refunded,USD
P01843,O00745,2025-09-06T11:17:00+05:30,cod,427.81,0,captured,INR
P02772,O00173,2026-07-24T23:00:00+05:30,card,4.98,0.01,captured,USD
P00891,O01689,2025-10-07T06:04:00+05:30,card,714.71,0,captured,INR
P01330,O00857,05-03-2026 17:57,wallet,2385.97,0,captured,INR
P01750,O00020,2025-04-29T04:22:00Z,netbanking,706.2,0,failed,INR
P00992,O00755,11-05-2026 20:08,upi,1878.57,0,captured,INR
P00269,O00882,2026-05-04T10:50:00Z,upi,554.83,0,captured,INR
P02164,O00161,2025-11-14T21:02:00Z,upi,1212.68,0,pending,INR
P01512,O01085,2025-09-25T01:00:00Z,card,12.33,0,failed,USD
P01112,O02020,2025-07-29T11:20:00Z,wallet,36.37,0,failed,USD
P00432,O01497,2025-07-11T17:00:00+05:30,,3259.54,0,captured,INR
P01471,O00827,13-01-2026 06:54,cod,2588.76,0,captured,INR
P01761,O01426,2026-01-31T06:03:00+05:30,upi,9.85,0,refunded,USD
P00522,O00488,2025-09-05T12:55:00Z,netbanking,639.2,0,captured,INR
P01325,O01229,2026-04-30T14:42:00+05:30,wallet,23.03,0,captured,USD
P01120,O00862,2026-07-04T10:50:00+05:30,cod,17.36,0,captured,USD
P00905,O00098,26-06-2026 19:29,netbanking,675.66,0,failed,INR
P01823,O00223,2026-06-23T07:03:00+05:30,card,1108.24,0,captured,INR
P00920,O00663,2025-05-24T17:31:00+05:30,netbanking,4.99,0,captured,USD
P00234,O00375,13-06-2026 09:15,netbanking,1802.96,0,captured,INR
P02532,O00350,2025-04-25T18:58:00Z,cod,460.24,0,refunded,INR
P02225,O00975,2026-03-07T12:23:00+05:30,netbanking,41.7,0,captured,USD
P02665,O01737,2026-02-24T05:26:00Z,wallet,22.13,0,failed,USD
P02354,O01631,2026-06-05T11:25:00+05:30,upi,9.41,0,captured,USD
P01304,O00603,2025-06-26T23:09:00Z,netbanking,641.16,0,refunded,INR
P01027,O01586,2026-06-20T23:11:00Z,card,1783.66,0,captured,INR
P00923,O00897,20-01-2026 01:06,wallet,702.41,0,captured,INR
P01150,O01932,2025-12-07T18:04:00+05:30,wallet,1147.77,0,captured,INR
P01202,O00695,2025-08-01T15:11:00+05:30,upi,6.5,0,refunded,USD
P02172,O01792,2026-06-16T00:30:00Z,upi,666.6,0,captured,INR
P00069,O01102,2025-10-31T14:50:00+05:30,upi,1914.31,0,captured,INR
P01058,O00455,2026-05-19T14:54:00+05:30,wallet,16.89,0,captured,USD
P00181,O00536,2026-07-09T17:28:00+05:30,upi,450.63,0,captured,INR
P02350,O01997,2025-09-21T20:13:00+05:30,netbanking,16.73,0,pending,USD
P01072,O01399,2026-06-17T21:26:00+05:30,wallet,1951.32,100,captured,INR
P01021,O01362,2026-07-16T22:59:00Z,netbanking,394.56,0,captured,INR
P02661,O01252,2026-02-23T23:16:00Z,netbanking,757.13,0,captured,INR
P02555,O02030,2026-02-27T09:33:00+05:30,cod,4606.13,0,captured,INR
P00819,O00305,28-05-2026 13:18,netbanking,1525.15,30,captured,INR
P00682,O00703,2026-04-17T19:37:00+05:30,cod,30.98,0,pending,USD
P02618,O01748,2026-02-11T20:22:00Z,wallet,5.43,0,captured,USD
P01803,O00766,2026-03-09T13:56:00Z,cod,10.59,0,failed,USD
P02242,O00032,2025-03-01T09:16:00+05:30,upi,8.41,0.03,captured,USD
P00240,O00894,2026-07-17T03:22:00+05:30,cod,456.55,0,captured,INR
P01802,O00766,09-03-2026 13:50,cod,10.59,0,failed,USD
P00954,O01050,03-03-2026 12:27,cod,1349.14,0,captured,INR
P01778,O01194,2025-11-01T03:59:00Z,,327.49,0,failed,INR
P02793,O98466,2025-10-18T09:15:00+05:30,wallet,678.1,0,captured,INR
P00893,O01539,18-05-2026 20:35,netbanking,8.62,0.04,captured,USD
P00146,O01060,2026-07-02T00:03:00+05:30,card,1026.6,0,failed,INR
P01445,O00844,2025-06-29T02:28:00+05:30,card,224.12,0,failed,INR
P01095,O02021,2026-03-28T14:09:00Z,card,39.8,0,captured,USD
P02472,O00472,23-05-2026 04:12,upi,505.2,0,captured,INR
P00735,O00728,2026-06-06T23:22:00+05:30,upi,1425.11,200,captured,INR
P01441,O00459,2025-09-27T11:51:00+05:30,netbanking,7.71,0,captured,USD
P01051,O00593,2026-04-02T09:16:00+05:30,netbanking,6.63,0,refunded,USD
P00784,O00675,2026-07-04T10:03:00+05:30,,1739.55,0,captured,INR
P00121,O01886,12-06-2026 11:52,cod,4.24,0,captured,USD
P02353,O01431,2025-08-05T17:26:00+05:30,cod,329.09,0,captured,INR
P01080,O01576,2026-05-25T13:05:00Z,card,371.73,0,captured,INR
P00809,O01735,16-04-2026 20:06,netbanking,6.15,0,captured,USD
P01524,O00570,2026-02-04T03:28:00Z,card,4639.6,0,failed,INR
P02615,O00733,2026-03-21T20:59:00Z,upi,3053.18,0,captured,INR
P01551,O00625,2026-01-25T16:20:00+05:30,cod,7.24,0,captured,USD
P00384,O01858,2026-06-29T10:01:00Z,card,6.82,0,captured,USD
P01201,O00695,24-07-2025 15:11,upi,6.5,0.02,captured,USD
P01460,O01151,2025-04-12T09:10:00+05:30,card,2859.86,0,captured,INR
P00019,O01225,2026-05-27T23:28:00Z,netbanking,20.66,0.1,captured,USD
P01737,O00554,2026-06-10T12:31:00+05:30,upi,2131.64,200,captured,INR
P01976,O01588,07-12-2025 06:02,cod,62.27,0.12,captured,USD
P00503,O00917,2026-01-29T23:09:00+05:30,cod,2992.72,0,pending,INR
P02761,O01148,2026-06-19T06:13:00Z,wallet,444.91,0,captured,INR
P01918,O00516,28-07-2026 02:16,cod,537.75,0,refunded,INR
P02705,O01717,03-02-2026 14:53,wallet,658.7,0,failed,INR
P02147,O01261,15-06-2026 13:23,wallet,16.58,0,captured,USD
P00624,O01898,2026-07-23T09:16:00+05:30,netbanking,9.41,0,captured,USD
P00375,O01705,2026-02-06T04:57:00Z,netbanking,21,0,refunded,USD
P00966,O01581,2026-05-05T12:04:00+05:30,netbanking,927.87,0,refunded,INR
P01263,O00498,2026-02-23T17:15:00Z,card,3092.06,0,captured,INR
P01768,O01723,2026-02-21T12:05:00+05:30,card,2663.73,100,captured,INR
P01556,O00335,2025-07-12T23:47:00+05:30,cod,3241.59,0,captured,INR
P01227,O00298,2026-07-05T05:58:00+05:30,wallet,1768.27,0,captured,INR
P01090,O00345,15-04-2026 15:00,upi,20.3,0,captured,USD
P01673,O00081,2025-11-05T15:18:00Z,card,32.17,0.1,captured,USD
P02049,O01994,13-06-2026 18:15,card,3379.1,0,captured,INR
P02212,O01816,2026-03-19T21:14:00+05:30,upi,2628.52,0,refunded,INR
P00159,O00418,2026-04-18T22:36:00Z,upi,11.12,0.03,captured,USD
P00190,O00368,2025-07-28T00:16:00+05:30,netbanking,735.22,0,captured,INR
P00961,O01664,2026-06-14T22:13:00+05:30,card,441.56,15,captured,INR
P00584,O01113,2025-11-27T13:29:00Z,cod,1021.88,0,captured,INR
P00205,O00628,27-05-2026 17:31,cod,1656.07,0,captured,INR
P00766,O02005,06-01-2026 14:14,cod,1162.5,0,captured,INR
P00753,O00722,05-06-2026 03:14,wallet,2599.82,0,captured,INR
P01297,O00891,13-02-2026 13:03,upi,1763.38,0,failed,INR
P02203,O00009,2026-06-26T08:11:00+05:30,netbanking,59.38,0,captured,USD
P02648,O02012,23-07-2026 05:26,card,686.14,0,captured,INR
P02122,O01200,2025-10-02T12:17:00+05:30,cod,4.24,0,pending,USD
P02731,O00211,17-09-2025 17:24,upi,918.86,0,captured,INR
P00213,O01317,2025-08-10T22:16:00+05:30,netbanking,39.4,0,captured,USD
P00838,O02101,2026-03-01T09:01:00+05:30,netbanking,440.36,0,captured,INR
P00406,O00054,09-02-2026 00:31,netbanking,10.62,0,refunded,USD
P00306,O01089,2026-03-21T06:21:00Z,wallet,7.67,0,refunded,USD
P02283,O00781,2026-07-12T18:16:00Z,upi,30.69,0,captured,USD
P00320,O01788,2025-07-12T09:12:00Z,card,5191.17,30,captured,INR
P02712,O00687,11-04-2026 18:31,card,28.4,0,failed,USD
P00133,O00195,2026-04-03T07:49:00Z,upi,60.14,0.11,captured,USD
P00739,O00157,2025-10-12T08:09:00+05:30,wallet,60.63,0,captured,USD
P02573,O00985,2025-07-12T04:32:00+05:30,netbanking,17.15,0,captured,USD
P01860,O00744,2025-08-25T18:57:00+05:30,wallet,12.08,0,captured,USD
P01502,O01846,2026-05-02T17:35:00+05:30,wallet,29.9,0,captured,USD
P01173,O02027,30-06-2026 15:09,cod,35.08,0,captured,USD
P02666,O00174,2026-07-18T14:15:00+05:30,wallet,2356.23,0,captured,INR
P02646,O01691,2026-06-26T20:37:00+05:30,cod,3358.47,0,captured,INR
P01510,O01467,2025-05-17T04:05:00+05:30,netbanking,32.25,0,captured,USD
P00662,O01198,17-05-2026 03:37,cod,450.03,0,captured,INR
P02364,O01454,2025-07-21T21:51:00+05:30,wallet,11.23,0,failed,USD
P02637,O01174,2026-07-15T01:11:00+05:30,wallet,7.32,0,failed,USD
P00758,O00004,2026-06-19T10:12:00Z,wallet,7.28,0,captured,USD
P00536,O01819,29-06-2025 19:21,cod,3537.33,0,captured,INR
P01804,O00461,2026-06-18T20:06:00+05:30,cod,617.74,0,captured,INR
P00612,O01034,08-06-2026 08:04,wallet,9.38,0,captured,USD
P02028,O00483,2025-10-26T20:41:00Z,netbanking,8.63,0,refunded,USD
P01869,O00619,19-03-2026 23:25,netbanking,921.62,0,captured,INR
P02064,O01925,2025-11-05T07:11:00+05:30,card,1380.28,0,captured,INR
P00996,O00071,30-04-2026 09:20,,1924.9,0,captured,INR
P02179,O00624,27-02-2026 20:32,card,1094.98,0,captured,INR
P00439,O01408,2026-01-20T06:15:00Z,wallet,371.02,0,captured,INR
P02182,O01798,2026-07-17T15:23:00+05:30,upi,4676.38,0,captured,INR
P01700,O00420,2025-07-04T08:07:00+05:30,netbanking,3704.92,0,captured,INR
P00011,O00356,2025-07-31T06:11:00Z,netbanking,2270.4,200,captured,INR
P02415,O02073,2026-03-08T08:02:00+05:30,upi,4.99,0,captured,USD
P01383,O00003,2025-06-18T04:29:00Z,cod,929.59,0,failed,INR
P02528,O00171,2026-04-06T06:04:00+05:30,wallet,503.38,0,failed,INR
P00360,O01051,17-12-2025 23:26,wallet,1933.94,0,captured,INR
P02521,O01374,2025-02-27T14:29:00+05:30,upi,325.71,0,pending,INR
P00514,O00121,2026-07-02T12:27:00Z,cod,745.79,30,captured,INR
P01718,O01536,20-02-2026 01:45,netbanking,23.7,0,captured,USD
P01732,O00045,2026-06-04T07:57:00Z,netbanking,1165.57,0,failed,INR
P00165,O00924,2026-06-18T22:26:00+05:30,wallet,2746.18,0,captured,INR
P02059,O01237,2026-02-23T07:40:00+05:30,,813.59,0,failed,INR
P00099,O01693,16-11-2025 10:35,card,4.99,0,captured,USD
P02173,O01792,07-07-2026 00:30,upi,666.6,0,refunded,INR
P01314,O01912,2025-08-25T06:11:00Z,cod,557.27,15,captured,INR
P01516,O02082,10-02-2026 15:36,card,505.65,0,captured,INR
P01235,O00642,28-01-2026 13:28,cod,55.66,0,captured,USD
P02727,O02105,2026-06-26T14:19:00+05:30,wallet,5.59,0,failed,USD
P00619,O01300,20-03-2026 04:15,card,8.52,0,captured,USD
P01672,O01373,05-04-2026 00:19,upi,5679.13,0,failed,INR
P01508,O01517,2025-11-01T21:43:00+05:30,netbanking,12.36,0,captured,USD
P02251,O01528,2025-12-04T15:01:00+05:30,netbanking,2777.25,0,captured,INR
P02500,O01112,2025-04-03T10:11:00Z,card,502.33,0,failed,INR
P01223,O00697,2026-03-16T13:30:00+05:30,card,9.54,0,captured,USD
P00462,O01768,26-12-2025 11:11,wallet,566.64,0,captured,INR
P00734,O00936,2026-05-14T21:21:00Z,cod,767.91,0,captured,INR
P00705,O01605,2026-05-21T17:53:00+05:30,card,2527.73,0,refunded,INR
P01722,O00942,2026-01-28T11:40:00+05:30,upi,5657.13,0,captured,INR
P00072,O01867,2026-01-21T08:49:00Z,netbanking,582.46,0,captured,INR
P02000,O01173,2026-06-14T22:43:00+05:30,cod,649.69,0,captured,INR
P01008,O00870,19-05-2026 16:30,card,2399.21,0,captured,INR
P00823,O00740,2026-05-14T10:13:00+05:30,upi,13.31,0.03,captured,USD
P00729,O00966,2026-06-26T02:34:00+05:30,netbanking,252.32,0,failed,INR
P00934,O00990,2025-08-14T00:00:00+05:30,cod,29.45,0,refunded,USD
P02193,O00690,28-03-2026 03:02,cod,2031.32,0,failed,INR
P01170,O00919,2026-03-18T16:20:00+05:30,,10.19,0,captured,USD
P00212,O01317,2025-08-10T21:58:00+05:30,netbanking,39.4,0,failed,USD
P00063,O01641,2026-04-27T02:08:00+05:30,wallet,11.64,0,failed,USD
P00701,O01310,2026-06-07T16:01:00Z,card,2067.5,200,captured,INR
P01664,O00099,2025-08-22T09:09:00+05:30,netbanking,11.82,0.06,captured,USD
P01117,O00815,2026-07-22T07:20:00Z,card,449.26,79.28,captured,INR
P01429,O01119,21-03-2026 15:44,card,6.48,0,failed,USD
P02166,O01915,2026-02-27T14:24:00+05:30,wallet,5654.33,0,refunded,INR
P02029,O01421,2026-07-13T01:07:00+05:30,netbanking,4.96,0.03,captured,USD
P02499,O00945,2026-02-01T23:16:00+05:30,upi,1520.88,0,captured,INR
P00857,O01672,28-04-2026 05:12,wallet,5.66,0,captured,USD
P01099,O00296,02-10-2025 06:13,card,22.99,0,failed,USD
P00523,O01248,2026-07-03T16:11:00+05:30,netbanking,336.95,100,captured,INR
P01345,O00956,2025-12-05T03:51:00Z,cod,1417.65,0,failed,INR
P02447,O01903,2026-06-30T15:26:00Z,cod,4624.84,0,captured,INR
P00262,O00035,02-06-2026 02:27,wallet,58.74,0,captured,USD
P00071,O00807,2026-05-01T20:27:00+05:30,netbanking,10.36,0,captured,USD
P00230,O01627,25-01-2026 22:13,wallet,2999.45,0,refunded,INR
P00537,O00263,2026-06-24T13:27:00+05:30,upi,2489.16,0,captured,INR
P02726,O00486,2026-07-10T22:02:00+05:30,netbanking,557.1,0,captured,INR
P01864,O02001,2025-12-13T16:26:00Z,netbanking,5205.32,0,captured,INR
P01233,O00257,2026-07-02T12:04:00+05:30,wallet,9.11,0,captured,USD
P00427,O01396,13-01-2026 10:05,upi,686.68,0,captured,INR
P00527,O01589,2026-01-24T00:24:00+05:30,wallet,23.82,0,captured,USD
P00859,O00680,2026-07-10T20:29:00+05:30,upi,1437.22,0,failed,INR
P00373,O01705,2026-02-01T04:55:00+05:30,netbanking,21,0,failed,USD
P01899,O00630,2026-05-12T04:01:00+05:30,upi,4.72,0.02,captured,USD
P01224,O00697,2026-03-21T13:30:00+05:30,card,9.54,0,refunded,USD
P00202,O00787,2025-12-13T22:01:00Z,card,290.15,0,captured,INR
P01594,O01889,2026-03-24T15:47:00Z,cod,21.19,0,captured,USD
P01854,O00057,2025-09-23T08:19:00+05:30,netbanking,635.67,0,failed,INR
P01273,O01772,02-07-2026 18:08,wallet,866.54,0,captured,INR
P00476,O01824,2026-07-11T16:06:00Z,netbanking,53.82,0,failed,USD
P02649,O01611,2026-04-30T03:22:00+05:30,netbanking,4795.66,0,captured,INR
P02588,O00785,2026-03-26T16:06:00+05:30,card,18.26,0,refunded,USD
P00459,O00499,2026-05-09T18:38:00+05:30,netbanking,2670.66,0,captured,INR
P00959,O01087,2025-12-21T03:05:00+05:30,,322.96,0,captured,INR
P00125,O00313,2025-08-01T15:21:00+05:30,cod,567.79,0,failed,INR
P02346,O00402,2026-05-24T21:17:00+05:30,upi,3430.88,0,captured,INR
P00172,O00820,24-05-2026 17:57,card,760.82,0,failed,INR
P01681,O01326,2026-07-01T15:10:00+05:30,card,2.5,0,refunded,USD
P01169,O00415,2025-07-05T05:14:00+05:30,,1360.37,0,captured,INR
P02662,O01989,2025-11-11T11:28:00+05:30,cod,672.32,0,pending,INR
P00376,O00088,20-10-2025 13:43,cod,3293.31,0,captured,INR
P00392,O01616,2026-05-23T13:16:00Z,upi,380.89,0,captured,INR
P00337,O00355,2025-10-13T00:32:00+05:30,card,8.98,0,captured,USD
P00910,O01542,2026-08-08T23:30:00+05:30,card,5.67,0,refunded,USD
P01513,O00618,02-08-2025 18:08,cod,562.83,0,failed,INR
P01401,O01441,18-09-2025 02:15,wallet,382.13,0,captured,INR
P01870,O00125,2025-12-07T19:03:00Z,card,55.64,0,captured,USD
P02298,O01478,03-07-2026 13:09,wallet,299.32,0,captured,INR
P00827,O01397,2026-02-05T14:13:00+05:30,netbanking,2746.18,0,captured,INR
P01765,O00940,2026-05-30T08:03:00Z,netbanking,13.64,0,captured,USD
P00015,O01054,2025-08-20T14:41:00+05:30,upi,1175.96,0,captured,INR
P00678,O01449,2025-07-30T16:31:00Z,wallet,484.62,0,captured,INR
P00223,O01500,2025-09-24T11:46:00+05:30,upi,6.79,0,failed,USD
P02659,O01996,2025-12-18T09:40:00+05:30,upi,1160.48,0,captured,INR
P00083,O01492,15-09-2025 16:20,netbanking,10.3,0,failed,USD
P01491,O01071,19-11-2025 15:05,netbanking,1354.54,0,captured,INR
P02717,O01437,2026-04-10T15:09:00+05:30,upi,9.53,0,captured,USD
P02256,O00131,17-06-2026 00:40,netbanking,4.24,0,failed,USD
P02436,O02120,20-04-2025 09:10,card,21,0,refunded,USD
P01029,O01871,2026-06-21T20:03:00+05:30,upi,1247.6,0,refunded,INR
P02475,O01202,2026-07-13T00:26:00+05:30,netbanking,2010.19,0,captured,INR
P00341,O01583,2026-01-19T23:17:00+05:30,cod,525.71,0,captured,INR
P02088,O01878,2025-10-08T00:54:00+05:30,wallet,1058.6,50,captured,INR
P01358,O01313,2026-06-10T19:16:00Z,cod,3130.91,0,captured,INR
P00141,O00930,2026-01-25T13:56:00Z,wallet,2783.6,0,refunded,INR
P01580,O02100,2026-03-11T12:42:00+05:30,upi,910.99,0,refunded,INR
P00964,O01581,26-04-2026 11:51,netbanking,927.87,0,failed,INR
P01183,O01604,13-02-2026 08:53,wallet,39.14,0,captured,USD
P02455,O00177,2026-02-04T12:17:00+05:30,wallet,644.31,0,captured,INR
P01660,O00950,18-03-2025 10:11,card,6.56,0,failed,USD
P00282,O01358,08-01-2026 20:45,wallet,11.13,0,captured,USD
P00171,O01383,2026-02-18T12:43:00+05:30,cod,796.67,0,captured,INR
P01307,O00931,2026-01-28T02:33:00+05:30,cod,648.02,0,captured,INR
P01856,O01484,2026-03-29T09:14:00+05:30,cod,549.95,0,captured,INR
P00340,O00247,2025-12-09T02:09:00+05:30,card,310.14,0,pending,INR
P02374,O01990,2026-03-04T10:14:00+05:30,cod,29.27,0,pending,USD
P01688,O01069,2026-06-20T08:15:00+05:30,wallet,3.97,0.02,captured,USD
P02631,O01970,31-05-2026 04:31,wallet,2142.24,200,captured,INR
P02752,O01610,2026-07-24T00:32:00+05:30,wallet,45.58,0,refunded,USD
P02789,O95978,2026-01-22T04:06:00+05:30,upi,453.34,0,captured,INR
P01289,O00166,12-06-2026 21:16,,2399.27,0,captured,INR
P01398,O00291,2025-10-15T06:02:00+05:30,netbanking,516.29,0,captured,INR
P00323,O01143,28-04-2026 16:15,netbanking,27.4,0,captured,USD
P02497,O01638,28-05-2026 21:15,upi,5.93,0,captured,USD
P02414,O02062,2026-07-03T17:13:00Z,card,640.29,0,captured,INR
P01923,O01830,2025-12-25T09:03:00Z,netbanking,735,0,captured,INR
P00577,O01018,15-06-2026 12:09,wallet,1254.47,0,captured,INR
P01762,O01334,09-10-2025 19:42,cod,4.99,0,captured,USD
P01229,O00653,2026-07-22T14:25:00+05:30,netbanking,1186.36,0,captured,INR
P02671,O01643,2026-01-09T07:15:00Z,upi,292.86,51.68,captured,INR
P00834,O00869,2026-07-05T12:38:00Z,cod,3672.62,0,failed,INR
P02159,O01474,24-05-2026 01:18,upi,5143.83,0,captured,INR
P01483,O02024,2025-10-31T16:37:00+05:30,,455.99,0,failed,INR
P02062,O01341,22-07-2026 03:36,cod,2300.07,15,captured,INR
P00630,O02023,2026-03-25T19:50:00+05:30,wallet,485.47,0,captured,INR
P01085,O01777,2026-03-14T08:39:00+05:30,upi,993.73,0,failed,INR
P01659,O00320,07-07-2026 23:35,cod,28.55,0,refunded,USD
P00963,O01745,22-06-2025 01:11,upi,13.02,0,captured,USD
P02198,O01710,2025-11-29T10:02:00+05:30,cod,533.78,0,captured,INR
P02495,O00559,2026-03-28T01:25:00Z,upi,4.99,0,refunded,USD
P00513,O00717,2026-06-16T02:42:00+05:30,wallet,60.94,0.19,captured,USD
P01840,O01295,2025-10-06T13:41:00+05:30,cod,339.38,0,captured,INR
P00615,O00450,2025-12-12T22:33:00+05:30,wallet,695.72,0,failed,INR
P01611,O00114,2026-02-26T09:01:00+05:30,netbanking,333.67,0,captured,INR
P01784,O01380,2025-09-28T04:58:00+05:30,,315.09,0,captured,INR
P02690,O00293,02-07-2026 15:46,wallet,5.8,0,captured,USD
P00096,O01916,16-06-2026 19:13,upi,523.85,0,captured,INR
P00888,O01332,2025-11-20T23:12:00Z,card,28.74,0.14,captured,USD
P02582,O00759,27-03-2026 22:14,cod,28.68,0,failed,USD
P00605,O01464,22-01-2026 17:29,,1895.41,0,captured,INR
P01579,O02100,2026-03-06T12:42:00+05:30,upi,910.99,0,captured,INR
P00633,O01351,22-07-2026 13:45,cod,942.66,0,captured,INR
P02563,O01868,18-01-2026 18:02,card,14.83,0,failed,USD
P02378,O02010,2026-04-23T20:43:00+05:30,wallet,67.22,0,captured,USD
P01850,O00196,2026-02-22T23:17:00+05:30,card,964.85,0,captured,INR
P00969,O00652,2026-06-17T06:46:00Z,wallet,4.97,0.02,captured,USD
P01391,O01074,02-06-2026 22:45,cod,14.8,0,captured,USD
P02068,O00259,2026-02-18T02:48:00+05:30,netbanking,5584.59,0,captured,INR
P01796,O01387,2025-10-13T07:12:00+05:30,cod,1035.41,200,captured,INR
P01752,O01126,2025-07-30T18:45:00+05:30,netbanking,2593.46,0,captured,INR
P02155,O00647,21-05-2026 22:21,netbanking,20.26,0,failed,USD
P01068,O01896,2026-02-17T04:55:00+05:30,upi,3684.46,50,captured,INR
P00583,O01486,2026-04-16T08:39:00Z,card,6.24,0,captured,USD
P00861,O01506,2026-03-04T22:06:00Z,wallet,328.18,0,captured,INR
P01519,O00588,04-07-2025 03:27,wallet,6.74,0,failed,USD
P01212,O01121,2026-05-22T20:24:00+05:30,card,789.06,0,captured,INR
P02645,O01691,2026-06-26T20:21:00Z,cod,3358.47,0,failed,INR
P01059,O01964,14-03-2026 09:42,netbanking,11.71,0,captured,USD
P00272,O01933,2026-05-07T09:51:00Z,wallet,,0,captured,INR
P01340,O01165,2026-02-20T00:58:00+05:30,wallet,853.26,0,failed,INR
P01514,O02052,2026-02-25T16:30:00+05:30,upi,20.55,0,captured,USD
P02238,O00170,2025-08-24T16:26:00+05:30,upi,953.98,0,captured,INR
P02214,O01247,2025-07-23T17:55:00+05:30,cod,4.97,0,failed,USD
P01703,O00923,05-12-2025 08:04,,14.5,0,captured,USD
P00346,O00435,2026-07-13T14:26:00Z,cod,24.22,0,refunded,USD
P00798,O00673,27-06-2026 12:29,upi,,0,captured,INR
P01921,O01874,28-06-2026 21:05,card,516.48,0,captured,INR
P00411,O00732,24-06-2026 00:58,card,716.54,0,failed,INR
P00974,O01917,20-07-2026 09:31,card,4397,0,failed,INR
P01152,O00736,2025-11-18T20:26:00Z,cod,21.92,0,captured,USD
P01056,O00416,13-05-2026 21:07,netbanking,1427.81,0,failed,INR
P01414,O00095,2026-07-09T17:33:00Z,upi,16.76,0,captured,USD
P00078,O02036,2025-12-21T22:43:00+05:30,netbanking,332.05,30,captured,INR
P00856,O01347,2026-04-12T02:27:00+05:30,netbanking,4647.14,0,captured,INR
P01859,O01030,2025-10-02T13:21:00Z,wallet,431.92,0,refunded,INR
P00792,O00474,2026-06-26T10:45:00+05:30,card,1901.19,0,captured,INR
P01210,O00008,19-02-2026 00:06,wallet,960.17,0,failed,INR
P01274,O01082,2026-02-17T02:57:00+05:30,wallet,37.62,0,failed,USD
P02416,O00959,2026-07-06T14:03:00Z,wallet,284.18,50,captured,INR
P02685,O01924,2026-03-14T16:22:00Z,netbanking,14.3,0,captured,USD
P02578,O01211,2026-06-25T15:22:00+05:30,upi,1310.64,0,captured,INR
P00983,O00601,27-06-2026 13:10,upi,4151.44,0,pending,INR
P01781,O00641,20-05-2026 07:24,netbanking,63.13,0.2,captured,USD
P02047,O01790,2026-01-17T12:20:00+05:30,card,4420.26,0,refunded,INR
P01490,O01178,2025-08-23T02:54:00+05:30,upi,15.87,0,captured,USD
P00986,O00280,2026-01-30T14:30:00+05:30,card,908.84,0,captured,INR
P02366,O00579,2026-06-16T19:26:00Z,cod,2638.41,0,captured,INR
P02539,O01729,12-07-2026 19:53,upi,45.22,0.14,captured,USD
P01522,O00929,2026-07-31T07:33:00Z,cod,1893.88,0,refunded,INR
P02313,O01842,2025-11-27T21:16:00Z,upi,5032.57,0,refunded,INR
P01300,O01696,2025-07-22T21:13:00Z,wallet,22.99,0,captured,USD
P00149,O00646,2026-03-30T14:08:00+05:30,,32.31,0,captured,USD
P01907,O00991,2026-07-04T09:05:00+05:30,wallet,6.79,0,captured,USD
P01215,O01179,29-10-2025 03:14,card,5175.51,0,failed,INR
P01593,O00028,2026-03-07T09:10:00+05:30,wallet,20.77,0,captured,USD
P01076,O00234,2026-04-11T14:16:00+05:30,cod,790.49,0,refunded,INR
P00564,O01612,2025-11-09T19:37:00+05:30,wallet,3434.92,0,captured,INR
P00115,O01778,2025-05-05T03:10:00+05:30,wallet,4560.64,0,captured,INR
P02195,O01870,2025-06-13T05:20:00+05:30,cod,7.27,0,captured,USD
P00762,O00086,12-02-2026 02:17,netbanking,451.26,0,failed,INR
P01891,O01802,2026-03-06T00:48:00+05:30,wallet,333.93,0,captured,INR
P00249,O02047,2026-02-03T10:42:00+05:30,netbanking,319.92,15,captured,INR
P00051,O02081,2026-05-29T15:57:00+05:30,upi,4.49,0,refunded,USD
P02010,O01762,2026-04-28T18:31:00+05:30,upi,6.04,0,failed,USD
P01948,O00582,2026-01-20T05:06:00+05:30,cod,30.27,0,failed,USD
P01367,O00667,2026-06-15T12:20:00+05:30,wallet,6.13,0,failed,USD
P00538,O00263,2026-07-06T13:27:00+05:30,upi,2489.16,0,refunded,INR
P00066,O02079,2025-06-11T18:50:00Z,netbanking,58.84,0,captured,USD
P01384,O00003,2025-06-18T04:41:00+05:30,cod,929.59,15,captured,INR
P02568,O01398,2026-06-24T09:56:00Z,card,921.09,100,captured,INR
P02296,O00025,15-04-2026 21:11,netbanking,15.06,0,captured,USD
P00203,O00204,16-06-2026 19:07,cod,366.77,0,captured,INR
P00423,O01552,2026-04-22T13:14:00+05:30,cod,2650.02,0,captured,INR
P01596,O00482,2026-05-25T10:21:00+05:30,wallet,2610.89,0,captured,INR
P00101,O00721,2025-10-26T04:48:00+05:30,wallet,5.42,0,captured,USD
P01757,O01880,2025-11-21T13:13:00Z,cod,1353.87,0,failed,INR
P00558,O01681,08-04-2026 16:12,card,3030.35,0,captured,INR
P00332,O00666,2025-09-01T20:19:00Z,cod,61.18,0,captured,USD
P02181,O00802,23-07-2026 06:45,netbanking,2669.72,0,captured,INR
P00731,O01482,11-03-2026 03:42,cod,3074.58,0,captured,INR
P00455,O00150,2025-11-09T13:11:00Z,netbanking,335.45,0,captured,INR
P00760,O00076,2025-03-21T05:47:00+05:30,card,29.04,0,captured,USD
P01324,O01286,2025-12-12T01:30:00+05:30,netbanking,,0,captured,INR
P00027,O01251,2026-03-16T08:02:00+05:30,card,11.61,0,refunded,USD
P01886,O00963,2025-11-28T18:55:00+05:30,netbanking,3609.46,0,failed,INR
P00765,O01941,21-05-2026 08:15,card,32.93,0,refunded,USD
P00494,O01349,2025-10-31T23:05:00+05:30,wallet,10.24,0,refunded,USD
P02577,O00104,2025-07-01T11:34:00+05:30,netbanking,57.68,0,captured,USD
P01349,O01601,19-06-2026 20:55,cod,1589.34,30,captured,INR
P02627,O01264,2025-10-29T23:06:00+05:30,cod,726.76,0,captured,INR
P02681,O00006,2025-11-22T05:28:00+05:30,cod,2640.48,0,failed,INR
P02534,O01145,2026-04-22T20:21:00+05:30,wallet,1836.05,0,captured,INR
P00865,O01508,18-06-2026 05:04,netbanking,1558.86,0,captured,INR
P01977,O01243,12-02-2025 12:11,card,29.91,0.06,captured,USD
P02600,O00027,25-01-2026 08:19,cod,4852.47,0,captured,INR
P00242,O00275,2026-05-24T21:07:00Z,wallet,395.56,0,captured,INR
P00350,O00030,2026-05-10T18:13:00+05:30,wallet,335.85,0,refunded,INR
P00627,O01125,13-06-2025 20:22,upi,4.99,0,captured,USD
P02218,O00033,2025-04-11T17:11:00+05:30,netbanking,1807.36,0,captured,INR
P00512,O01159,2026-03-07T03:38:00Z,cod,23.55,0.07,captured,USD
P01142,O01155,25-06-2026 15:53,card,21.49,0.11,captured,USD
P00911,O01660,2026-06-29T22:32:00+05:30,,1838.29,0,captured,INR
P02451,O01124,2026-06-19T04:02:00+05:30,netbanking,523.36,0,captured,INR
P01967,O00622,2026-07-22T16:21:00Z,netbanking,45.5,0,failed,USD
P01586,O01596,2026-03-03T08:26:00+05:30,upi,2971.4,50,captured,INR
P01069,O00710,2026-07-06T19:25:00+05:30,wallet,436.29,0,captured,INR
P00318,O00595,2026-02-24T16:27:00+05:30,wallet,459.37,0,captured,INR
P02478,O01803,31-05-2026 08:19,cod,163.16,0,refunded,INR
P02790,O93611,2026-05-23T14:23:00+05:30,upi,2638.7,0,captured,INR
P01561,O00658,2026-05-29T05:11:00+05:30,cod,863.46,0,captured,INR
P00068,O00798,2026-06-10T01:00:00+05:30,upi,31.84,0,failed,USD
P00614,O00577,2026-07-09T08:48:00+05:30,cod,28.82,0,failed,USD
P00596,O01837,2026-01-27T05:32:00Z,cod,495.67,0,refunded,INR
P02199,O02108,2025-06-16T16:27:00+05:30,netbanking,395.75,0,captured,INR
P00957,O01706,2026-04-29T22:57:00+05:30,upi,879.27,0,failed,INR
P02805,O97583,23-08-2025 21:20,netbanking,2432.22,0,captured,INR
P00006,O00274,2025-09-28T00:14:00+05:30,wallet,971.81,0,failed,INR
P02165,O01915,2026-02-12T14:24:00+05:30,wallet,5654.33,0,captured,INR
P00290,O01280,2026-05-30T09:57:00+05:30,cod,983.94,0,captured,INR
P00904,O01555,2026-04-08T16:50:00Z,card,268.86,0,captured,INR
P01226,O02118,16-12-2025 14:06,wallet,926.09,15,captured,INR
P02479,O01456,2026-02-25T09:23:00Z,netbanking,4.97,0.02,captured,USD
P00438,O01526,22-06-2026 23:24,cod,678,0,captured,INR
P01406,O01181,02-12-2025 16:33,,678.49,0,captured,INR
P02801,O96675,2026-04-14T20:08:00Z,cod,1985.6,0,captured,INR
P01816,O01227,2026-03-09T15:11:00+05:30,cod,3275.49,0,captured,INR
P00025,O01749,03-01-2026 12:11,upi,4609.31,0,captured,INR
P01530,O00518,2026-01-02T16:08:00Z,wallet,14.84,0,captured,USD
P01953,O00786,2026-07-13T08:39:00+05:30,upi,3245.77,0,captured,INR
P02590,O01021,2026-04-28T11:34:00+05:30,wallet,2600.69,0,refunded,INR
P00405,O00054,2026-01-20T00:31:00+05:30,netbanking,10.62,0,captured,USD
P02365,O00394,2026-03-02T04:05:00Z,cod,556.73,0,captured,INR
P02480,O02091,30-06-2026 06:37,card,386.56,0,captured,INR
P00850,O00493,2026-05-07T05:40:00Z,card,44.32,0,captured,USD
P01630,O00331,2026-05-05T19:35:00Z,card,34.72,0,captured,USD
P01927,O01235,04-07-2026 18:32,card,28.83,0,captured,USD
P00322,O01028,2026-03-11T20:29:00+05:30,card,25.85,0,failed,USD
P00183,O00637,2026-05-27T13:17:00+05:30,netbanking,5040.29,0,captured,INR
P02450,O00609,16-07-2026 01:34,wallet,6.85,0,captured,USD
P01684,O00555,2026-03-04T14:26:00+05:30,card,573.41,0,pending,INR
P02148,O01261,04-07-2026 13:23,wallet,16.58,0,refunded,USD
P01155,O01223,27-05-2026 12:04,upi,912.74,0,captured,INR
P00835,O00869,2026-07-05T12:52:00+05:30,cod,3672.62,50,captured,INR
P02461,O00888,2025-07-16T23:21:00+05:30,card,765.79,0,captured,INR
P02096,O01065,20-06-2026 11:07,netbanking,454.38,0,captured,INR
P02022,O01987,2026-04-16T17:19:00+05:30,upi,3058.6,0,refunded,INR
P02702,O00078,2025-12-22T04:09:00+05:30,wallet,23.58,0,captured,USD
P00176,O00448,2026-05-15T07:21:00Z,cod,1019.29,0,captured,INR
P01331,O00938,2026-07-01T19:12:00Z,netbanking,1037.6,0,failed,INR
P01308,O01284,2026-07-04T03:19:00+05:30,cod,4.99,0,failed,USD
P00676,O00322,2026-03-10T21:40:00+05:30,wallet,6.8,0.01,captured,USD
P02740,O01523,03-08-2025 05:03,wallet,2836.39,30,captured,INR
P00164,O00706,26-07-2025 23:44,cod,,0,captured,USD
P02150,O01600,2026-05-14T00:37:00+05:30,upi,4.99,0,failed,USD
P02154,O00691,28-05-2025 01:17,card,5.31,0,refunded,USD
P02104,O00692,2026-06-05T23:43:00+05:30,upi,66.18,0,failed,USD
P01000,O01182,2026-04-28T10:26:00Z,upi,1157.27,200,captured,INR
P01651,O00083,2025-08-04T05:12:00+05:30,upi,2312.15,0,captured,INR
P00740,O00799,2026-05-21T07:12:00+05:30,card,367.49,0,captured,INR
P02734,O01670,18-07-2026 21:56,upi,275.19,0,refunded,INR
P00495,O01918,11-06-2026 03:17,netbanking,862.96,0,captured,INR
P01800,O01189,2026-06-20T05:48:00+05:30,card,11.28,0,failed,USD
P02549,O00036,2026-05-17T07:15:00+05:30,cod,1863.38,0,captured,INR
P00968,O00652,2026-06-17T06:23:00+05:30,wallet,4.97,0,failed,USD
P00345,O00435,2026-07-03T14:26:00+05:30,cod,24.22,0,captured,USD
P02380,O01402,2026-07-14T18:11:00+05:30,wallet,9.54,0,captured,USD
P00231,O01269,2026-01-13T19:49:00Z,netbanking,325.95,0,failed,INR
P02268,O00297,14-06-2026 04:09,wallet,20.47,0,refunded,USD
P00182,O00068,2025-10-28T07:57:00+05:30,upi,1978.01,0,captured,INR
P00482,O00649,2026-07-07T04:15:00+05:30,card,4.99,0,captured,USD
P00483,O00649,06-08-2026 04:15,card,2.5,0,refunded,USD
P00343,O01524,2026-07-04T02:51:00+05:30,cod,2475.35,0,failed,INR
P02418,O01535,2026-06-09T08:44:00+05:30,card,1676.29,0,refunded,INR
P02375,O02112,2026-05-09T19:17:00+05:30,netbanking,45.92,0,captured,USD
P00328,O01568,2026-07-04T23:33:00+05:30,upi,1780.1,0,captured,INR
P01605,O01654,2026-02-05T08:25:00+05:30,cod,32.27,0,captured,USD
P00094,O01311,2025-10-02T05:26:00+05:30,netbanking,1859.93,0,captured,INR
P00361,O01806,30-11-2025 09:19,netbanking,2527.37,0,captured,INR
P02254,O00258,2026-02-15T17:35:00Z,netbanking,648.54,0,captured,INR
P00436,O00669,19-06-2026 09:03,cod,664.62,0,captured,INR
P01416,O00830,2025-04-19T04:15:00+05:30,,5423.24,0,captured,INR
P01174,O00810,2026-06-16T01:41:00+05:30,card,1182.39,0,failed,INR
P00694,O01282,2026-01-06T20:38:00+05:30,cod,334.66,0,captured,INR
P02715,O01152,06-04-2026 21:32,wallet,4.74,0,captured,USD
P00799,O00143,12-03-2026 02:00,card,5.82,0,captured,USD
P02252,O00002,2026-07-13T23:30:00+05:30,upi,434.2,0,failed,INR
P01544,O01965,2026-05-04T02:04:00+05:30,cod,6.99,0,failed,USD
P00304,O01278,17-01-2026 04:31,netbanking,381.89,0,captured,INR
P01942,O01389,2026-01-12T14:36:00+05:30,cod,2036.99,0,refunded,INR
P00413,O00643,2026-06-30T14:33:00Z,upi,8.41,0,pending,USD
P00431,O00884,20-01-2026 21:17,cod,4210,100,captured,INR
P01123,O01262,30-06-2026 11:42,card,558.37,0,captured,INR
P01546,O00501,2026-01-25T08:18:00+05:30,cod,5042.24,0,captured,INR
P02123,O01955,2026-06-30T05:23:00+05:30,wallet,1690.58,0,captured,INR
P01795,O01451,28-06-2026 09:48,wallet,13.63,0,captured,USD
P01444,O01096,2026-04-01T18:40:00+05:30,netbanking,1777.83,0,captured,INR
P02163,O00417,2025-12-18T16:05:00+05:30,cod,58.03,0,captured,USD
P00625,O01898,2026-07-29T09:16:00Z,netbanking,4.71,0,refunded,USD
P01030,O00629,2026-02-04T00:19:00Z,wallet,5.74,0,captured,USD
P01570,O02092,2025-09-14T11:17:00Z,netbanking,506.18,0,failed,INR
P02619,O00190,27-06-2026 03:09,cod,439.88,0,captured,INR
P02333,O00403,2026-01-15T05:27:00+05:30,wallet,374.79,0,captured,INR
P02092,O02053,14-08-2026 16:45,cod,11,0,refunded,USD
P00030,O01981,2026-01-27T12:25:00+05:30,card,2615.26,0,refunded,INR
P02345,O00168,2026-07-11T13:21:00Z,netbanking,741.6,0,captured,INR
P00156,O00524,2026-04-09T09:06:00+05:30,card,26.1,0,failed,USD
P00443,O00839,07-08-2025 15:16,upi,1945.37,0,captured,INR
P01806,O00911,06-06-2026 15:52,card,,0,captured,INR
P01552,O01163,2025-12-15T09:03:00Z,wallet,3442.42,0,captured,INR
P02065,O00153,12-09-2025 15:05,cod,65.16,0.2,captured,USD
P02491,O00872,2026-07-09T05:16:00Z,upi,2741.87,0,captured,INR
P01020,O00775,06-07-2026 01:08,upi,14.81,0.05,captured,USD
P00038,O00330,2025-06-08T16:20:00+05:30,upi,383.05,0,captured,INR
P01447,O00079,2026-03-15T06:09:00+05:30,wallet,676.15,0,captured,INR
P00881,O01514,16-05-2026 16:09,card,564.46,0,failed,INR
P02444,O01257,2026-03-15T18:18:00+05:30,netbanking,562.69,0,captured,INR
P00399,O01599,2026-04-23T01:20:00+05:30,upi,5352.16,0,captured,INR
P01405,O01580,2026-06-24T15:10:00Z,cod,43.78,0,refunded,USD
P02162,O00875,2025-12-08T22:14:00Z,upi,4796.17,0,refunded,INR
P00852,O01731,2026-06-15T21:22:00Z,wallet,498.28,0,failed,INR
P00386,O01946,2025-08-23T13:00:00+05:30,cod,221.14,100,captured,INR
P00466,O00026,2026-03-08T16:03:00+05:30,upi,36.06,0,captured,USD
P01129,O00490,2026-02-20T13:48:00Z,card,35.66,0,captured,USD
P00932,O00990,2025-08-10T23:35:00+05:30,cod,29.45,0,failed,USD
P00671,O00608,19-02-2026 15:04,netbanking,38.5,0,failed,USD
P01846,O01004,2026-06-02T14:22:00Z,,509.44,89.9,captured,INR
P01769,O01888,2026-07-24T01:40:00Z,upi,4.99,0,captured,USD
P01370,O00308,20-12-2025 13:11,wallet,1803.09,0,captured,INR
P00498,O00893,2025-10-17T08:50:00+05:30,upi,11.89,0,captured,USD
P00070,O00128,2026-07-03T00:04:00Z,netbanking,9.11,0.03,captured,USD
P00055,O01346,2026-05-11T07:34:00+05:30,card,2981.73,0,captured,INR
P01569,O00139,2026-06-12T08:16:00+05:30,upi,1073.9,0,failed,INR
P00575,O01848,2026-02-23T05:37:00Z,cod,1930.49,0,failed,INR
P01329,O00861,2026-05-08T05:30:00Z,wallet,54.71,0,pending,USD
P01717,O00973,2025-09-22T08:37:00+05:30,cod,340.67,0,captured,INR
P00623,O01957,25-12-2025 22:08,cod,501.21,0,captured,INR
P00984,O00515,2026-06-18T09:28:00+05:30,wallet,4.99,0,failed,USD
P00175,O00357,2026-07-07T03:28:00+05:30,netbanking,674.42,0,refunded,INR
P01929,O01622,2026-05-05T21:12:00+05:30,upi,22.08,0,captured,USD
P00588,O01057,21-11-2025 00:28,cod,5.63,0,refunded,USD
P02745,O01475,24-10-2025 17:22,wallet,20.85,0,captured,USD
P00388,O01992,2025-03-25T19:08:00Z,cod,29.43,0,captured,USD
P02413,O01572,2026-07-05T09:34:00Z,cod,6.53,0,failed,USD
P02624,O01144,27-04-2026 06:16,upi,4.99,0,captured,USD
P00938,O00556,19-05-2026 11:16,card,24.02,0,failed,USD
P02315,O01805,2025-12-25T01:34:00Z,wallet,943.64,0,captured,INR
P01867,O00877,2026-04-28T10:32:00+05:30,cod,2281.34,30,captured,INR
P01231,O01218,2026-06-07T14:44:00Z,card,863.08,0,captured,INR
P01418,O01206,2026-06-22T07:23:00+05:30,cod,8.11,0,captured,USD
P00157,O00524,2026-04-09T09:25:00+05:30,card,26.1,0,captured,USD
P02708,O00575,10-08-2025 19:32,upi,617.83,0,failed,INR
P01026,O01586,2026-06-20T23:04:00+05:30,card,1783.66,0,failed,INR
P01086,O01777,14-03-2026 08:46,upi,993.73,0,captured,INR
P00687,O01934,29-03-2026 02:12,upi,9.32,0,failed,USD
P00828,O00037,24-06-2026 09:32,netbanking,973.51,0,captured,INR
P02131,O00979,09-07-2026 09:25,card,602.74,0,failed,INR
P00509,O00336,04-02-2026 15:11,card,2401.39,0,captured,INR
P00586,O01785,2026-03-04T19:25:00+05:30,card,62.25,0,refunded,USD
P02044,O00915,27-05-2025 03:30,netbanking,466.16,0,captured,INR
P00002,O01420,2025-12-12T14:18:00+05:30,upi,2408.03,0,captured,INR
P02153,O00691,2025-05-23T01:17:00+05:30,card,5.31,0,captured,USD
P02130,O01625,2025-12-04T17:20:00Z,card,1980.35,50,captured,INR
P01606,O00978,2025-08-27T13:03:00+05:30,cod,303.17,0,failed,INR
P02430,O00466,03-10-2025 08:11,upi,352.92,0,failed,INR
P00950,O00965,07-10-2025 02:28,upi,389.97,0,captured,INR
P00931,O01290,2026-05-16T20:16:00+05:30,netbanking,343.44,0,captured,INR
P02015,O01490,2025-08-14T19:12:00+05:30,upi,1247.74,0,failed,INR
P01256,O01972,2025-07-09T00:26:00Z,upi,16.66,0,captured,USD
P00451,O01319,2026-03-30T04:04:00Z,,58.26,0,captured,USD
P01725,O01980,2025-12-12T12:04:00+05:30,cod,509.09,0,refunded,INR
P00685,O00349,2026-06-30T15:10:00Z,netbanking,506.33,0,captured,INR
P01407,O01241,25-05-2026 13:23,wallet,997.77,0,captured,INR
P01275,O01082,2026-02-17T02:59:00Z,wallet,37.62,0,captured,USD
P00727,O01648,2025-10-07T11:21:00+05:30,cod,448.58,0,captured,INR
P00545,O01010,2026-07-12T06:37:00+05:30,cod,1656.3,0,captured,INR
P00658,O00602,2025-07-27T23:05:00+05:30,netbanking,2634.12,0,failed,INR
P01994,O01099,2026-02-18T01:25:00Z,cod,955.15,0,pending,INR
P00268,O01123,2026-03-29T15:21:00+05:30,netbanking,20.24,0,failed,USD
P00987,O01988,2026-05-25T00:03:00Z,card,2196.33,0,failed,INR
P01205,O01950,26-12-2025 04:24,upi,3368.07,0,captured,INR
P02120,O00999,2025-10-28T16:59:00+05:30,netbanking,22.47,0,captured,USD
P02205,O01108,2026-02-13T00:23:00+05:30,upi,14.61,0,captured,USD
P01258,O00725,2026-07-01T09:13:00+05:30,cod,13.86,0,failed,USD
P02098,O00299,2026-07-14T14:10:00Z,card,3559.18,0,captured,INR
P02552,O00292,07-04-2026 06:11,cod,996.77,0,refunded,INR
P01495,O00343,2026-02-20T02:14:00+05:30,card,2233.7,0,captured,INR
P01705,O01507,2025-06-06T20:08:00+05:30,netbanking,1723.64,0,captured,INR
P01648,O01329,2026-07-21T14:46:00+05:30,,4.96,0.03,captured,USD
P01699,O01216,15-04-2026 11:57,wallet,349.11,0,captured,INR
P01195,O01022,22-05-2026 03:26,upi,562.03,0,captured,INR
P00294,O00347,2026-06-02T08:44:00Z,card,779.13,30,captured,INR
P01228,O00298,2026-07-16T05:58:00+05:30,wallet,1768.27,0,refunded,INR
P01731,O01630,2026-05-16T18:23:00+05:30,cod,540.43,30,captured,INR
P01945,O01754,2026-03-04T19:09:00Z,upi,1751.29,0,failed,INR
P01747,O00776,2026-05-19T13:50:00+05:30,netbanking,30.75,0,refunded,USD
P02091,O02053,2026-07-24T16:45:00+05:30,cod,11,0.06,captured,USD
P02503,O00460,2026-06-02T14:04:00+05:30,netbanking,1648.08,0,failed,INR
P00896,O01879,21-11-2025 05:35,wallet,792.71,0,captured,INR
P01167,O01272,2026-07-19T15:22:00+05:30,wallet,1878.61,0,captured,INR
P02393,O00011,2026-02-17T17:31:00+05:30,netbanking,1629.13,100,captured,INR
P02152,O01704,19-06-2026 05:23,wallet,9.3,0,captured,USD
P01764,O01268,2025-12-18T11:22:00+05:30,cod,1992.61,0,captured,INR
P02329,O01138,04-05-2026 08:25,wallet,932.73,0,failed,INR
P01893,O00109,2026-05-29T19:01:00+05:30,cod,3212.47,0,captured,INR
P02605,O01502,2026-07-16T20:11:00Z,upi,980.99,0,captured,INR
P01033,O01491,2026-06-12T17:00:00+05:30,netbanking,2801.63,0,captured,INR
P02572,O00985,12-07-2025 04:22,netbanking,17.15,0,failed,USD
P00767,O01499,2026-06-29T14:02:00+05:30,upi,445.17,100,captured,INR
P01039,O00838,2026-07-06T00:51:00+05:30,card,436.12,0,captured,INR
P00725,O01307,30-11-2025 08:45,,413.62,0,refunded,INR
P01060,O01964,2026-03-26T09:42:00+05:30,netbanking,11.71,0,refunded,USD
P00102,O00721,29-10-2025 04:48,wallet,5.42,0,refunded,USD
P01185,O01205,2026-03-12T06:39:00+05:30,upi,,0,captured,INR
P02027,O00483,09-10-2025 20:41,netbanking,,0,captured,USD
P00199,O01632,22-02-2026 04:28,upi,371.02,0,failed,INR
P02389,O00754,2025-12-07T23:37:00+05:30,cod,5179.48,0,failed,INR
P01541,O01746,2026-06-22T23:12:00+05:30,upi,15.29,0,captured,USD
P01335,O00714,2026-01-29T16:08:00+05:30,upi,501.45,0,captured,INR
P02746,O01991,17-05-2026 03:27,wallet,19.66,0,captured,USD
P02083,O01679,2026-07-04T23:44:00+05:30,netbanking,4618.67,30,captured,INR
P01772,O01708,2026-02-26T07:17:00+05:30,wallet,4.96,0,refunded,USD
P02608,O01522,11-07-2026 07:30,upi,2677.39,0,failed,INR
P00603,O00863,2025-07-16T05:48:00+05:30,netbanking,54.51,0,captured,USD
P02517,O00340,2026-06-15T01:19:00+05:30,card,3.99,0,captured,USD
P01504,O01481,2026-07-04T01:03:00+05:30,netbanking,11.19,0,captured,USD
P01933,O00724,2026-01-19T00:14:00Z,card,33.89,0.17,captured,USD
P01353,O01585,2025-06-26T17:18:00+05:30,netbanking,38.75,0,pending,USD
P01369,O00607,2025-09-09T03:42:00+05:30,card,3079.26,15,captured,INR
P01822,O01736,28-08-2025 22:30,wallet,3302,0,captured,INR
P01193,O00436,2026-05-09T11:35:00+05:30,card,2709.2,0,captured,INR
P02405,O01722,2025-12-24T15:17:00Z,wallet,15.8,0,captured,USD
P00032,O00413,30-06-2026 07:05,netbanking,8.07,0,captured,USD
P01667,O00476,2026-02-05T05:17:00Z,wallet,325.38,0,captured,INR
P01597,O01027,19-03-2026 21:06,cod,395.61,0,captured,INR
P00562,O00808,07-02-2026 01:12,cod,816.45,0,refunded,INR
P01879,O02089,2026-04-13T23:15:00+05:30,,816.93,15,captured,INR
P01608,O01529,06-07-2026 12:03,upi,2803.44,0,failed,INR
P02097,O00880,23-02-2026 02:13,upi,16.73,0,failed,USD
P00688,O01327,2026-04-24T03:21:00+05:30,wallet,4.99,0,failed,USD
P02629,O01927,2026-06-27T15:26:00+05:30,upi,27.06,0,failed,USD
P02554,O00376,15-07-2026 19:42,netbanking,2969.31,0,captured,INR
P00878,O00770,2026-04-17T15:23:00Z,card,542.14,0,captured,INR
P01168,O01272,28-07-2026 15:22,wallet,1878.61,0,refunded,INR
P00379,O00232,28-12-2025 17:30,card,6.14,0,pending,USD
P00606,O00777,07-02-2026 15:16,cod,7.51,0,failed,USD
P01626,O01738,12-03-2026 05:10,netbanking,4.74,0,captured,USD
P00644,O00719,2026-06-19T22:40:00+05:30,card,3022.27,0,captured,INR
P02306,O00366,2026-03-22T17:13:00Z,netbanking,3737.41,0,captured,INR
P01107,O01273,2026-07-11T23:10:00Z,upi,381.27,0,captured,INR
P02707,O00239,26-05-2026 10:15,wallet,31.8,0,captured,USD
P00138,O01793,18-08-2025 14:41,wallet,54.34,0,captured,USD
P01477,O00133,2025-08-24T17:23:00+05:30,cod,11.2,0,refunded,USD
P01809,O00287,18-06-2026 13:13,cod,67.3,0,captured,USD
P00686,O01005,2025-10-08T11:42:00+05:30,upi,388.56,0,captured,INR
P00349,O00030,2026-04-25T18:13:00+05:30,wallet,335.85,0,captured,INR
P02386,O00112,2026-05-03T04:33:00+05:30,wallet,21.09,0,captured,USD
P01166,O00750,2026-07-06T20:04:00Z,netbanking,2487.08,0,failed,INR
P02585,O01949,2026-06-01T14:59:00+05:30,card,466.01,0,failed,INR
P00353,O00393,2026-04-18T02:06:00+05:30,wallet,6.71,0,failed,USD
P01288,O00166,12-06-2026 20:58,,2399.27,0,failed,INR
P01917,O00516,2026-07-16T02:16:00+05:30,cod,537.75,0,captured,INR
P01663,O00458,2026-04-30T19:23:00Z,wallet,13.31,0,refunded,USD
P01507,O01199,2026-04-24T11:34:00+05:30,upi,3076.31,0,captured,INR
P01023,O00369,2025-11-17T05:51:00+05:30,cod,2850.28,0,captured,INR
P00587,O01057,17-11-2025 00:28,cod,5.63,0.02,captured,USD
P00400,O00007,24-12-2025 20:21,card,3534.18,0,captured,INR
P01740,O01169,2026-01-01T18:45:00+05:30,card,2820.98,0,refunded,INR
P00775,O00879,2025-11-14T06:15:00Z,upi,571.7,0,captured,INR
P00551,O00626,2026-07-13T14:04:00+05:30,card,2325.06,0,captured,INR
P00977,O00398,12-02-2026 16:16,,309.54,0,captured,INR
P01503,O00070,2026-07-20T14:17:00Z,wallet,3580.77,0,captured,INR
P00023,O01891,2025-12-30T05:11:00+05:30,cod,2036.43,0,captured,INR
P01337,O01044,05-06-2026 19:12,card,453.56,0,captured,INR
P02388,O00528,18-06-2026 18:27,upi,42.38,0,refunded,USD
P02751,O01610,2026-07-05T00:32:00+05:30,wallet,45.58,0,captured,USD
P02647,O01764,13-04-2026 14:06,wallet,869.16,0,captured,INR
P00534,O01642,2026-06-26T16:56:00+05:30,card,23.69,0,captured,USD
P01525,O00570,2026-02-04T03:45:00Z,card,4639.6,0,captured,INR
P02219,O00033,28-04-2025 17:11,netbanking,1807.36,0,refunded,INR
P00832,O01726,2026-02-27T20:42:00+05:30,card,336.9,0,captured,INR
P00039,O01919,18-06-2026 23:35,wallet,337.8,59.61,captured,INR
P02376,O00949,2025-06-11T07:08:00+05:30,cod,39,0,captured,USD
P01111,O00093,2026-05-29T10:11:00Z,cod,3016.73,0,captured,INR
P00005,O01807,23-06-2026 15:15,card,756.86,0,refunded,INR
P02484,O00310,2026-01-15T02:03:00+05:30,netbanking,8.19,0.03,captured,USD
P01268,O01195,24-02-2026 12:58,card,1420.86,0,failed,INR
P01649,O00419,02-03-2026 00:24,wallet,4.49,0,failed,USD
P02660,O00059,2026-02-23T12:04:00+05:30,card,333.55,0,failed,INR
P00660,O00904,2025-07-13T13:17:00+05:30,upi,400.45,0,captured,INR
P02051,O00480,2026-03-19T02:17:00+05:30,wallet,554.02,0,captured,INR
P00943,O01782,2026-06-20T05:49:00+05:30,upi,4.74,0,captured,USD
P01952,O01130,2026-07-13T09:47:00+05:30,wallet,641.8,0,captured,INR
P00807,O00648,2026-04-16T19:50:00+05:30,cod,2444.5,0,failed,INR
P01950,O00712,2026-07-01T17:13:00Z,cod,313.4,100,captured,INR
P02800,O93701,2026-02-23T09:21:00+05:30,netbanking,1549.47,0,captured,INR
P00848,O01483,2025-10-12T21:22:00Z,upi,2793.82,0,captured,INR
P01501,O01765,2026-05-22T11:31:00+05:30,cod,5.9,0,captured,USD
P00367,O00794,2025-10-30T01:20:00+05:30,upi,1320.55,0,captured,INR
P01006,O01678,25-04-2026 23:30,upi,1005.75,50,captured,INR
P01011,O00685,2026-07-02T07:23:00+05:30,netbanking,,0,captured,INR
P00955,O01050,2026-03-14T12:27:00+05:30,cod,1349.14,0,refunded,INR
P00994,O02019,2026-07-21T14:56:00+05:30,wallet,702.48,0,captured,INR
P02249,O00992,2026-07-18T01:09:00Z,card,42.28,0,refunded,USD
P00566,O00708,2026-06-28T15:22:00+05:30,netbanking,16.03,0,failed,USD
P01083,O00110,2026-07-23T14:57:00+05:30,card,2858.74,0,captured,INR
P00238,O01047,2026-03-20T00:34:00+05:30,card,2824.28,0,captured,INR
P01119,O01626,2025-08-09T20:47:00+05:30,netbanking,1559.23,0,captured,INR
P00749,O01354,2025-10-22T11:27:00+05:30,wallet,1899.88,0,pending,INR
P00609,O01716,2025-10-16T08:18:00+05:30,cod,63.25,0,failed,USD
P01130,O00269,2026-03-01T00:06:00+05:30,card,653.7,0,failed,INR
P01163,O01657,2026-05-23T04:15:00+05:30,card,,0,captured,INR
P02614,O00537,2026-05-25T10:17:00Z,upi,33.23,0,captured,USD
P02703,O00078,2025-12-31T04:09:00+05:30,wallet,23.58,0,refunded,USD
P02351,O00645,2025-11-08T17:15:00+05:30,netbanking,1064.4,0,failed,INR
P02126,O01676,2025-12-11T02:22:00+05:30,wallet,60.99,0.11,captured,USD
P01656,O01040,2026-07-06T08:06:00+05:30,netbanking,4763.74,0,pending,INR
P01065,O01110,04-11-2025 19:09,upi,5139.82,30,captured,INR
P00900,O01974,03-01-2026 15:39,netbanking,41.47,0.19,captured,USD
P02042,O01645,2026-02-09T17:46:00+05:30,wallet,5.8,0,captured,USD
P00632,O00906,2025-06-21T17:15:00Z,card,3411.51,0,captured,INR
P02149,O01600,2026-05-14T00:26:00+05:30,upi,4.99,0,failed,USD
P00440,O01683,2026-04-13T13:54:00+05:30,,3586.7,0,captured,INR
P02592,O01255,2025-12-18T01:44:00Z,,6.33,0,failed,USD
P02628,O01092,2026-05-25T05:37:00Z,cod,271.7,0,captured,INR
P01592,O02008,2026-04-24T20:48:00Z,card,305.36,0,captured,INR
P01484,O00141,2026-06-25T10:31:00+05:30,wallet,9.82,0,failed,USD
P00916,O02095,2026-06-09T13:45:00Z,netbanking,4997.74,30,captured,INR
P00053,O00613,2026-04-12T11:29:00+05:30,,26.86,0,captured,USD
P02322,O00571,27-03-2026 00:30,card,12.33,0,captured,USD
P02762,O01928,30-08-2025 22:17,card,824.17,0,failed,INR
P01298,O00891,2026-02-13T13:14:00Z,upi,1763.38,0,captured,INR
P02626,O00889,2025-12-27T08:58:00+05:30,upi,5677.21,30,captured,INR
P02406,O01722,27-12-2025 15:17,wallet,15.8,0,refunded,USD
P01537,O01904,2026-05-09T07:00:00+05:30,card,3.98,0,refunded,USD
P00479,O00961,2026-07-13T09:28:00+05:30,netbanking,35.68,0.18,captured,USD
P02136,O00163,2026-06-22T12:28:00Z,card,392.86,69.33,captured,INR
P00995,O01775,2025-10-31T16:22:00+05:30,cod,1298.28,0,captured,INR
P01683,O01635,04-07-2026 18:03,cod,32.7,0,captured,USD
P02013,O00885,31-05-2026 22:08,wallet,553.67,0,failed,INR
P00696,O01333,19-02-2026 02:20,upi,10.71,0,pending,USD
P02737,O00178,2026-03-17T04:35:00+05:30,,4.99,0,captured,USD
P00796,O00231,2026-01-11T10:30:00Z,cod,2399.39,0,failed,INR
P02321,O00927,02-07-2026 04:13,cod,1623.88,0,captured,INR
P00667,O00452,2025-11-30T16:26:00+05:30,upi,1808.29,0,captured,INR
P00293,O01863,2026-06-27T15:17:00+05:30,upi,545.87,0,captured,INR
P01309,O01284,04-07-2026 03:44,cod,4.99,0,failed,USD
P01428,O00146,2026-06-08T03:40:00+05:30,netbanking,633.15,100,captured,INR
P00355,O01756,2025-08-22T10:34:00Z,wallet,641.12,0,captured,INR
P00521,O00488,05-09-2025 12:36,netbanking,639.2,0,failed,INR
P01616,O00278,2026-01-16T07:35:00+05:30,netbanking,5604.27,0,captured,INR
P02683,O01998,15-02-2026 06:15,upi,32.05,0,captured,USD
P01104,O00206,2026-05-30T19:04:00+05:30,cod,1146.55,15,captured,INR
P02107,O00318,2026-05-20T15:55:00Z,upi,754.3,30,captured,INR
P00882,O00145,2026-03-19T18:23:00Z,netbanking,392.14,0,captured,INR
P01057,O01574,06-07-2025 12:56,netbanking,1299.01,0,captured,INR
P00571,O00414,21-03-2026 01:01,netbanking,1968.08,100,captured,INR
P01486,O01587,21-10-2025 05:26,netbanking,2411.88,0,captured,INR
P02334,O01743,2026-03-10T02:29:00Z,netbanking,2437.21,0,failed,INR
P02730,O00865,19-06-2026 22:06,cod,1983.52,0,captured,INR
P01291,O00251,2025-11-05T19:29:00Z,netbanking,711.39,0,failed,INR
P01568,O02109,23-05-2026 06:04,cod,3844.6,0,captured,INR
P00033,O01463,08-06-2026 08:59,upi,27.8,0,failed,USD
P01847,O00670,25-06-2026 02:17,wallet,1897.81,0,captured,INR
P02682,O00688,2026-07-13T01:30:00+05:30,card,2777.36,0,failed,INR
P00764,O01941,16-05-2026 08:15,card,32.93,0,captured,USD
P02286,O00586,2026-02-16T16:09:00+05:30,cod,653.06,0,pending,INR
P00693,O01033,2026-05-12T22:22:00+05:30,netbanking,9.26,0,captured,USD
P01603,O00060,2026-04-13T18:38:00Z,cod,962.94,0,captured,INR
P01237,O01519,17-06-2026 22:24,cod,18.49,0,captured,USD
P02111,O01781,03-07-2026 04:11,wallet,346.85,0,captured,INR
P01172,O00072,2025-12-28T22:10:00+05:30,netbanking,2471.1,0,captured,INR
P02518,O00705,23-07-2026 06:10,card,748.96,100,captured,INR
P02587,O00785,2026-03-09T16:06:00+05:30,card,18.26,0,captured,USD
P01473,O00464,01-06-2026 23:13,wallet,40.09,0,captured,USD
P01814,O00151,13-11-2025 15:08,netbanking,718.88,0,pending,INR
P00140,O00930,2026-01-22T13:56:00+05:30,wallet,2783.6,0,captured,INR
P02492,O01939,2026-02-07T09:11:00+05:30,upi,5.86,0,failed,USD
P02689,O00760,2026-03-04T08:09:00+05:30,netbanking,1060.48,100,captured,INR
P01171,O00919,31-03-2026 16:20,,10.19,0,refunded,USD
P00801,O01267,12-07-2026 00:26,cod,1140.71,0,captured,INR
P02320,O00130,08-01-2026 19:47,upi,2626.39,0,captured,INR
P02250,O01528,04-12-2025 14:57,netbanking,2777.25,0,failed,INR
P00173,O00531,07-11-2025 03:42,cod,3684.86,0,captured,INR
P01767,O01228,01-06-2026 19:27,wallet,360.43,0,captured,INR
P00035,O01463,2026-06-11T09:11:00+05:30,upi,27.8,0,refunded,USD
P02501,O01112,2025-04-03T10:34:00Z,card,502.33,0,captured,INR
P02110,O00301,2025-07-19T01:01:00Z,wallet,659.92,0,captured,INR
P01888,O00421,2026-04-24T06:57:00+05:30,card,6.75,0,captured,USD
P02207,O00295,18-01-2026 09:06,,324.87,0,captured,INR
P01281,O00315,2026-01-31T20:30:00+05:30,wallet,,0,captured,INR
P02531,O00350,2025-04-04T18:58:00+05:30,cod,460.24,0,captured,INR
P00655,O01120,07-05-2026 00:04,upi,43.82,0.08,captured,USD
P02352,O01431,05-08-2025 17:15,cod,329.09,0,failed,INR
P00162,O00853,2026-02-12T00:59:00+05:30,card,4.99,0,captured,USD
P02641,O01401,18-05-2025 08:29,card,511,0,captured,INR
P00444,O00541,2026-04-15T18:04:00+05:30,netbanking,5.85,0,captured,USD
P00358,O01577,2026-06-13T16:59:00+05:30,upi,9.21,0,refunded,USD
P00949,O00481,2026-04-06T03:50:00+05:30,upi,5.7,0.03,captured,USD
P00421,O01457,20-08-2025 18:43,card,750.62,0,captured,INR
P00714,O00062,12-12-2025 01:05,netbanking,276.59,0,failed,INR
P01837,O00634,21-05-2026 17:25,card,1957.75,0,captured,INR
P02076,O01340,2026-04-18T17:19:00Z,wallet,9.44,0,captured,USD
P00252,O00819,2026-07-09T08:13:00+05:30,card,735.14,0,captured,INR
P02595,O01201,2025-10-06T15:47:00+05:30,card,3171,0,failed,INR
P02372,O01432,2026-05-20T20:08:00+05:30,cod,979.23,0,captured,INR
P02093,O00557,17-11-2025 02:21,netbanking,357.72,0,captured,INR
P01013,O01952,2026-04-17T16:24:00+05:30,upi,246.85,0,failed,INR
P00417,O00542,2025-05-02T10:15:00Z,wallet,453.69,0,captured,INR
P01615,O02113,15-07-2026 08:10,cod,1375.05,0,captured,INR
P02571,O00538,25-03-2026 11:03,netbanking,60.41,0.11,captured,USD
P02186,O00364,2025-12-11T10:10:00+05:30,card,453.6,0,refunded,INR
P00408,O01114,2026-04-13T09:32:00+05:30,upi,1380.61,0,failed,INR
P00941,O01338,2026-05-19T09:35:00+05:30,wallet,806.45,15,captured,INR
P02240,O01191,2025-10-18T09:04:00+05:30,cod,814.88,30,captured,INR
P01400,O01560,14-04-2026 15:23,wallet,339.61,0,captured,INR
P00233,O00375,2026-06-13T09:09:00+05:30,netbanking,1802.96,0,failed,INR
P00643,O00719,2026-06-19T22:30:00Z,card,3022.27,0,failed,INR
P00490,O01983,2026-07-11T08:26:00+05:30,wallet,716.37,0,captured,INR
P01074,O01504,20-02-2026 17:08,cod,3159.25,50,captured,INR
P00089,O01892,2026-02-23T16:15:00+05:30,upi,1145.75,0,captured,INR
P02467,O00957,2025-11-30T16:08:00Z,cod,5.48,0,refunded,USD
P01567,O01495,2026-04-12T09:20:00+05:30,card,20.08,0,captured,USD
P01590,O00694,2026-06-19T12:13:00+05:30,upi,2654.24,0,captured,INR
P00913,O01763,16-07-2026 15:48,cod,8.18,0,failed,USD
P00300,O01156,13-03-2026 19:29,wallet,2769.39,0,failed,INR
P01179,O01692,2026-03-18T02:17:00+05:30,upi,4.48,0,failed,USD
P00180,O01141,2026-01-03T06:48:00Z,cod,1964.9,0,captured,INR
P00975,O01917,20-07-2026 09:55,card,4397,30,captured,INR
P00546,O00441,2025-10-24T14:24:00+05:30,wallet,694.38,0,failed,INR
P00324,O01953,2026-03-11T05:58:00+05:30,netbanking,10.46,0,captured,USD
P01122,O01602,03-06-2026 23:24,,605.67,100,captured,INR
P01902,O01541,2026-07-21T16:33:00+05:30,netbanking,437.33,0,pending,INR
P01411,O02087,2026-05-30T02:47:00Z,netbanking,366.28,0,captured,INR
P01328,O01293,17-01-2026 10:35,cod,9.14,0,captured,USD
P02408,O01232,10-04-2026 07:33,netbanking,3243.34,0,pending,INR
P01279,O00828,18-04-2026 06:04,card,1123.15,200,captured,INR
P02658,O00743,2026-05-17T05:14:00Z,wallet,1885.07,0,captured,INR
P01724,O01980,2025-11-27T12:04:00+05:30,cod,509.09,0,captured,INR
P01798,O00922,2025-06-22T01:21:00+05:30,card,947.98,0,failed,INR
P00243,O00404,2026-04-30T11:44:00Z,cod,390.6,0,captured,INR
P02677,O01314,2025-07-29T04:23:00+05:30,card,1571.33,0,captured,INR
P01420,O00050,19-02-2026 07:19,netbanking,,0,captured,INR
P01755,O00506,2026-06-01T03:59:00+05:30,cod,833.29,50,captured,INR
P00286,O00154,2026-04-01T10:44:00Z,cod,68.44,0,captured,USD
P01686,O00367,2026-07-16T06:06:00Z,netbanking,1019.45,0,failed,INR
P00403,O00317,2026-02-16T04:08:00Z,cod,4.99,0,refunded,USD
P02421,O00584,2026-05-07T06:29:00+05:30,upi,1882.76,15,captured,INR
P00730,O01196,2026-05-06T14:05:00+05:30,wallet,368.65,0,captured,INR
P02642,O00716,2026-03-31T11:15:00+05:30,cod,42.72,0,failed,USD
P01604,O00939,2026-05-15T15:18:00+05:30,upi,4587.7,0,captured,INR
P01031,O02116,11-03-2026 17:26,card,634.97,100,captured,INR
P02300,O00380,2026-07-21T21:18:00+05:30,card,518.29,0,captured,INR
P01697,O01049,2025-03-04T16:15:00Z,cod,2785.96,0,failed,INR
P00191,O00368,2025-08-17T00:16:00+05:30,netbanking,367.61,0,refunded,INR
P00738,O01814,2026-05-17T23:14:00+05:30,netbanking,8.7,0,captured,USD
P02266,O01093,24-04-2025 10:00,netbanking,4978.28,0,failed,INR
P01581,O01254,20-01-2026 11:08,cod,3126.28,0,captured,INR
P01811,O00454,2026-06-27T10:05:00Z,upi,317.78,0,captured,INR
P02650,O01611,2026-05-27T03:22:00+05:30,netbanking,2397.83,0,refunded,INR
P00352,O01971,2026-05-21T16:18:00+05:30,netbanking,1581.19,0,captured,INR
P02664,O01737,2026-02-24T05:08:00+05:30,wallet,22.13,0,failed,USD
P00145,O01209,2026-01-29T15:01:00+05:30,upi,9.54,0,captured,USD
P00036,O01656,2026-07-22T07:30:00+05:30,card,893.17,0,failed,INR
P00903,O00739,2026-06-01T01:18:00+05:30,netbanking,3539.91,0,captured,INR
P02119,O01658,2025-12-24T12:17:00Z,cod,819.29,0,refunded,INR
P02773,O01963,2025-06-20T13:14:00+05:30,netbanking,5.02,0,captured,USD
P00453,O01394,2026-06-13T15:14:00+05:30,,10.66,0,failed,USD
P00971,O01367,2025-12-27T14:03:00Z,wallet,10.93,0.06,captured,USD
P02403,O01584,14-03-2026 01:17,netbanking,286.51,0,captured,INR
P02363,O01454,2025-07-21T21:29:00+05:30,wallet,11.23,0,failed,USD
P02335,O01743,2026-03-10T02:39:00+05:30,netbanking,2437.21,0,captured,INR
P01797,O01794,2026-03-25T22:18:00+05:30,netbanking,10.5,0.05,captured,USD
P01509,O01976,2026-03-20T16:28:00Z,cod,5589.91,0,captured,INR
P02498,O00373,2026-03-31T20:23:00+05:30,card,303.9,0,failed,INR
P01623,O00188,16-05-2026 14:13,netbanking,2855.59,0,captured,INR
P01511,O01597,18-07-2026 16:51,upi,,0,captured,INR
P01479,O01907,2026-06-06T02:48:00+05:30,card,4.99,0,refunded,USD
P01421,O00155,2026-01-14T03:47:00Z,card,499.4,0,captured,INR
P00246,O00920,2025-08-22T00:40:00+05:30,card,20.32,0,captured,USD
P01496,O01400,2026-04-28T14:22:00+05:30,netbanking,2533.71,0,failed,INR
P01089,O00345,2026-04-15T14:39:00+05:30,upi,20.3,0,failed,USD
P01975,O01862,14-05-2026 17:29,wallet,722.79,0,captured,INR
P00985,O00515,18-06-2026 09:49,wallet,4.99,0,captured,USD
P02267,O00297,26-05-2026 04:09,wallet,20.47,0,captured,USD
P01456,O00525,08-03-2026 19:18,cod,424.68,0,refunded,INR
P01642,O01908,2026-04-17T07:42:00+05:30,,5650.74,0,refunded,INR
P00077,O01430,2026-07-21T03:46:00Z,cod,715.11,30,captured,INR
P00505,O00503,26-03-2026 02:27,cod,5.67,0,captured,USD
P01081,O01707,2025-10-26T17:17:00+05:30,card,2761.4,0,captured,INR
P01835,O01135,2026-06-13T12:23:00+05:30,upi,5.75,0,captured,USD
P00154,O01183,2026-07-01T22:26:00Z,wallet,7.87,0,captured,USD
P02802,O98246,2026-05-28T10:13:00+05:30,netbanking,2233.83,0,captured,INR
P02025,O01348,13-02-2026 03:16,card,517.14,50,captured,INR
P01545,O01965,2026-05-04T02:10:00+05:30,cod,6.99,0,failed,USD
P01014,O01469,2026-07-12T22:31:00+05:30,card,468.56,0,captured,INR
P00366,O00984,2026-07-09T00:29:00+05:30,netbanking,15.23,0,captured,USD
P01820,O01073,06-02-2026 05:05,cod,2247.55,30,captured,INR
P00357,O01577,2026-06-01T16:59:00+05:30,upi,9.21,0,captured,USD
P02220,O02028,03-02-2026 16:25,wallet,557.09,0,captured,INR
P00989,O02114,2026-03-11T10:08:00Z,netbanking,5.98,0,captured,USD
P01480,O01779,2025-07-18T04:59:00+05:30,upi,218.49,100,captured,INR
P01063,O00478,2026-05-05T14:23:00+05:30,card,4508.06,0,captured,INR
P01588,O01861,2026-03-24T06:21:00Z,upi,3500.39,0,failed,INR
P00445,O00541,29-04-2026 18:04,netbanking,5.85,0,refunded,USD
P01220,O01416,2026-04-24T00:35:00+05:30,netbanking,1161.96,0,pending,INR
P02342,O00352,2025-07-03T01:51:00+05:30,wallet,801.19,0,captured,INR
P01390,O02002,2026-05-29T07:09:00Z,cod,191.78,127.86,captured,INR
P00616,O00450,2025-12-12T22:55:00+05:30,wallet,695.72,15,captured,INR
P00679,O01026,03-04-2026 23:07,card,1302.44,0,captured,INR
P02765,O00494,2026-07-10T00:58:00+05:30,cod,315.99,55.76,captured,INR
P00247,O00406,2026-01-28T04:02:00+05:30,wallet,3380.87,0,pending,INR
P02457,O00914,18-05-2025 02:32,wallet,9.81,0,refunded,USD
P01326,O01229,11-05-2026 14:42,wallet,23.03,0,refunded,USD
P02348,O01920,2025-12-18T18:16:00Z,netbanking,470.4,0,captured,INR
P02089,O01097,2026-07-11T13:06:00+05:30,card,1019.19,0,captured,INR
P02222,O01796,2026-04-15T23:24:00+05:30,cod,5.84,0,failed,USD
P01836,O00654,2026-05-10T22:02:00+05:30,cod,413.27,0,captured,INR
P01214,O00617,26-06-2026 07:51,card,5.94,0,captured,USD
P02448,O01903,2026-07-20T15:26:00+05:30,cod,4624.84,0,refunded,INR
P01265,O01259,2026-07-03T09:09:00+05:30,upi,943.2,0,pending,INR
P00297,O01954,2026-05-15T15:00:00+05:30,netbanking,4.98,0.01,captured,USD
P00093,O01418,11-03-2026 15:39,card,714.49,0,refunded,INR
P02493,O01939,2026-02-07T09:34:00+05:30,upi,5.86,0,captured,USD
P02063,O00262,2026-02-08T09:31:00+05:30,netbanking,377.11,0,captured,INR
P01957,O01550,2026-07-05T02:39:00+05:30,card,1083.85,0,refunded,INR
P00481,O01840,2026-06-14T21:56:00Z,upi,1031.86,0,refunded,INR
P02553,O01407,2026-07-25T14:10:00+05:30,netbanking,12.35,0,failed,USD
P02725,O01230,2026-07-12T20:21:00Z,cod,19.52,0,refunded,USD
P02208,O01985,27-05-2026 01:22,wallet,24.46,0,pending,USD
P01662,O00458,2026-04-17T19:23:00Z,wallet,13.31,0,captured,USD
P00604,O01547,08-07-2026 02:11,card,29.21,0,captured,USD
P01520,O00929,25-07-2026 07:18,cod,1893.88,0,failed,INR
P00429,O00738,2026-03-15T16:19:00+05:30,wallet,359.61,0,captured,INR
P01292,O00251,2025-11-05T19:35:00+05:30,netbanking,711.39,0,captured,INR
P01417,O01461,2026-05-20T23:40:00Z,wallet,8.63,0,captured,USD
P01138,O00551,2026-04-02T18:01:00+05:30,wallet,10.25,0,failed,USD
P00556,O00606,22-05-2025 05:42,cod,9.84,0,captured,USD
P01834,O01283,2025-11-30T23:20:00Z,upi,1677.44,0,captured,INR
P02524,O00321,26-10-2025 10:26,card,4808.82,200,captured,INR
P01583,O00047,2026-04-25T12:18:00+05:30,wallet,1789.57,0,failed,INR
P00021,O00573,27-06-2026 02:50,wallet,2423.66,30,captured,INR
P00837,O01518,29-06-2026 08:43,cod,758.3,0,captured,INR
P02132,O00979,2026-07-09T09:33:00+05:30,card,602.74,0,captured,INR
P00461,O00671,2025-07-09T17:19:00Z,wallet,790.62,0,captured,INR
P01674,O01687,2025-12-31T11:22:00+05:30,cod,940.64,0,pending,INR
P02032,O01253,2026-04-01T09:46:00+05:30,card,526.59,0,captured,INR
P01601,O00962,2025-09-17T10:01:00Z,wallet,2589.64,0,failed,INR
P01395,O00635,2026-01-14T01:44:00+05:30,card,472.72,100,captured,INR
P00048,O01761,29-10-2025 03:08,card,421.24,100,captured,INR
P01443,O00106,2025-04-11T13:44:00Z,cod,4.99,0,failed,USD
P00860,O00680,2026-07-10T20:50:00+05:30,upi,1437.22,200,captured,INR
P00962,O01551,24-04-2026 13:29,upi,1364.22,0,captured,INR
P01812,O00749,19-08-2025 00:18,,1121.68,30,captured,INR
P02057,O01459,2025-05-11T22:56:00+05:30,wallet,28.01,0,captured,USD
P02248,O00992,2026-07-07T01:09:00Z,card,42.28,0,captured,USD
P02235,O00172,2025-11-16T11:20:00+05:30,netbanking,3251.77,0,captured,INR
P00741,O01242,2026-07-19T19:53:00+05:30,wallet,4.74,0,captured,USD
P01342,O00868,30-06-2026 12:20,card,3.99,0,captured,USD
P02056,O02007,18-04-2025 00:58,cod,705.54,0,captured,INR
P01671,O00124,2026-08-09T11:35:00Z,card,29.75,0,refunded,USD
P02794,O93165,02-06-2026 06:11,upi,2427.51,0,captured,INR
P01464,O01945,2025-06-30T01:14:00+05:30,upi,,50,captured,INR
P01905,O01356,07-10-2025 14:21,wallet,2497.51,0,captured,INR
P01436,O01157,2026-05-09T16:32:00+05:30,cod,6.49,0,refunded,USD
P01960,O02103,2026-04-19T00:04:00+05:30,cod,43.35,0,captured,USD
P02456,O00914,2025-04-29T02:32:00+05:30,wallet,9.81,0,captured,USD
P00168,O01966,2026-04-23T00:05:00Z,cod,15.09,0,captured,USD
P01780,O01905,2026-02-04T07:24:00+05:30,card,526.39,0,failed,INR
P00151,O00426,10-01-2026 07:08,card,4674.58,0,captured,INR
P02295,O01233,03-06-2026 03:11,wallet,3093.22,0,failed,INR
P00394,O01448,15-06-2026 13:26,cod,404.94,0,refunded,INR
P02067,O00389,17-06-2025 03:50,card,745.77,50,captured,INR
P01751,O00020,29-04-2025 04:27,netbanking,706.2,0,failed,INR
P00383,O01783,2026-06-21T08:10:00+05:30,cod,5415.66,0,failed,INR
P02620,O01741,2026-07-09T20:20:00+05:30,netbanking,3074.22,0,captured,INR
P01481,O01675,19-01-2026 08:00,cod,625.35,0,captured,INR
P00684,O00905,04-07-2026 02:38,netbanking,310.77,0,refunded,INR
P00454,O00615,2026-06-08T02:15:00+05:30,wallet,33.12,0,captured,USD
P02178,O00624,2026-02-27T20:23:00+05:30,card,1094.98,0,failed,INR
P00389,O00505,2026-07-20T11:44:00+05:30,upi,53.94,0.17,captured,USD
P02019,O00129,15-01-2026 20:13,,,0,captured,USD
P01457,O01059,07-05-2026 06:24,netbanking,2495.65,15,captured,INR
P02058,O01459,2025-05-22T22:56:00+05:30,wallet,28.01,0,refunded,USD
P00926,O01445,18-01-2026 11:11,upi,700.98,30,captured,INR
P00169,O01966,2026-05-09T00:05:00+05:30,cod,15.09,0,refunded,USD
P01759,O01426,25-01-2026 05:44,upi,9.85,0,failed,USD
P01558,O01297,29-06-2025 18:17,cod,5656.46,0,refunded,INR
P00185,O00144,2026-06-07T11:40:00+05:30,wallet,37.76,0,captured,USD
P01694,O01427,2025-11-03T21:03:00+05:30,card,377.64,100,captured,INR
P00873,O01056,2025-10-20T08:03:00+05:30,card,3372.83,0,captured,INR
P01904,O01485,28-09-2025 11:46,netbanking,2240.19,0,captured,INR
P00699,O00523,2026-05-18T03:19:00+05:30,netbanking,475.62,0,captured,INR
P00265,O00314,04-04-2026 13:03,card,29.37,0,captured,USD
P02736,O00520,2026-02-05T04:19:00Z,cod,3259.57,0,captured,INR
P00245,O00713,2026-03-13T18:00:00+05:30,netbanking,743.34,0,failed,INR
P00254,O01104,2026-05-20T23:06:00+05:30,upi,6.56,0,failed,USD
P00301,O01156,2026-03-13T19:47:00+05:30,wallet,2769.39,0,captured,INR
P00581,O01365,2026-03-17T22:08:00+05:30,cod,57.27,0,refunded,USD
P00118,O01039,2026-01-11T15:45:00Z,,380.29,15,captured,INR
P01110,O00371,17-04-2026 13:24,cod,7.6,0,captured,USD
P02265,O01271,2026-02-17T10:13:00+05:30,card,4.49,0,refunded,USD
P01808,O00621,2026-06-24T18:00:00+05:30,card,8.97,0,refunded,USD
P02710,O00535,11-02-2026 11:12,upi,3298.99,0,captured,INR
P00650,O01828,2025-12-23T01:03:00Z,cod,27.98,0,captured,USD
P00469,O01603,26-08-2025 15:17,card,1299.05,50,captured,INR
P00302,O00399,2026-05-09T22:51:00Z,wallet,5333,0,captured,INR
P02749,O00967,2025-07-28T00:40:00+05:30,wallet,4986.33,0,captured,INR
P00722,O00377,2025-12-11T05:35:00+05:30,wallet,4.99,0,captured,USD
P00600,O00353,11-06-2026 17:09,card,21.01,0,captured,USD
P00008,O00274,09-10-2025 00:21,wallet,971.81,0,refunded,INR
P01710,O01388,2025-08-23T03:26:00+05:30,netbanking,14.18,0,refunded,USD
P02185,O00364,20-11-2025 10:10,card,453.6,50,captured,INR
P01691,O00821,2026-07-08T21:03:00+05:30,netbanking,918.92,0,captured,INR
P00026,O01251,2026-02-26T08:02:00Z,card,11.61,0,captured,USD
P00496,O01918,2026-06-29T03:17:00+05:30,netbanking,862.96,0,refunded,INR
P02591,O00200,11-07-2026 22:43,cod,388.31,0,captured,INR
P02360,O00134,17-02-2026 01:48,wallet,894.06,0,captured,INR
P01576,O01545,2026-06-20T16:01:00Z,netbanking,15.84,0.03,captured,USD
P01919,O00778,2025-12-22T16:01:00+05:30,upi,39.66,0,captured,USD
P02243,O01851,31-01-2026 02:24,netbanking,1134.98,0,captured,INR
P01666,O01558,17-07-2026 18:11,card,455.21,0,captured,INR
P01462,O02014,21-06-2026 00:27,card,467.33,0,failed,INR
P00209,O01595,05-05-2026 20:58,wallet,374.4,0,captured,INR
P02343,O00955,2025-11-09T08:06:00+05:30,upi,1431.86,0,captured,INR
P00554,O01822,2026-01-29T23:53:00Z,cod,2930.17,0,captured,INR
P00113,O00189,22-05-2026 03:50,upi,327.03,0,failed,INR
P01306,O00175,2026-06-08T20:58:00Z,upi,5572.92,15,captured,INR
P02381,O01402,17-07-2026 18:11,wallet,9.54,0,refunded,USD
P00601,O02115,31-01-2026 23:05,netbanking,2652.35,100,captured,INR
P00532,O00127,2025-12-01T20:26:00Z,card,61.87,0,captured,USD
P00720,O01055,2026-03-02T18:31:00+05:30,netbanking,15.51,0,failed,USD
P01901,O01923,16-02-2026 14:06,netbanking,59.92,0,captured,USD
P02739,O00192,2026-07-03T18:34:00+05:30,cod,21.85,0,captured,USD
P02527,O00119,11-12-2025 00:09,upi,364.21,0,refunded,INR
P00103,O00132,2026-06-26T16:53:00Z,netbanking,843.64,50,captured,INR
P02638,O00085,2026-07-01T03:06:00+05:30,upi,23.36,0,pending,USD
P01687,O01023,2026-04-18T01:45:00+05:30,cod,8.17,0,captured,USD
P00553,O01036,2026-07-02T09:04:00+05:30,cod,21.58,0,failed,USD
P01999,O01759,07-07-2025 04:33,card,21.55,0,captured,USD
P01178,O00023,01-01-2026 20:22,card,456.69,0,captured,INR
P02653,O00182,2026-03-15T13:57:00+05:30,card,3821.43,0,refunded,INR
P01347,O01613,2025-12-08T08:26:00+05:30,cod,16.27,0,captured,USD
P02639,O01510,07-07-2026 13:49,card,505.03,0,captured,INR
P01582,O00874,2026-07-01T18:14:00Z,upi,779.89,0,failed,INR
P01091,O00345,2026-04-29T15:00:00Z,upi,20.3,0,refunded,USD
P02183,O01798,2026-08-02T15:23:00+05:30,upi,4676.38,0,refunded,INR
P02574,O00845,2025-05-05T06:29:00+05:30,cod,1411.88,0,captured,INR
P02397,O00479,2026-02-04T20:24:00+05:30,upi,,0,captured,INR
P02507,O00711,2026-05-20T01:20:00+05:30,upi,55.34,0,captured,USD
P00187,O01081,28-02-2026 18:56,netbanking,273.75,0,captured,INR
P01448,O01690,2026-02-23T09:04:00+05:30,cod,5618.33,0,failed,INR
P02017,O01873,19-04-2026 17:36,cod,3193.8,0,captured,INR
P00863,O00842,24-10-2025 10:11,netbanking,784.7,0,captured,INR
P01947,O01637,2026-05-11T00:52:00+05:30,card,5030.93,0,captured,INR
P00235,O02074,2026-06-01T23:28:00+05:30,netbanking,490.12,0,failed,INR
P01232,O01218,13-06-2026 14:44,card,863.08,0,refunded,INR
P00217,O01936,2026-03-07T07:57:00Z,card,3712.01,0,failed,INR
P01719,O01713,05-07-2026 19:10,wallet,2589.68,0,captured,INR
P02239,O00319,2025-07-16T01:09:00+05:30,wallet,10.26,0,captured,USD
P02443,O01257,2026-03-15T18:16:00Z,netbanking,562.69,0,failed,INR
P00817,O00346,28-06-2026 11:10,cod,550.84,0,captured,INR
P01266,O00558,2026-07-15T06:09:00+05:30,upi,479.91,0,captured,INR
P00368,O01890,2025-12-25T18:19:00Z,wallet,3281.45,0,captured,INR
P01454,O00311,2025-07-26T14:34:00+05:30,cod,311.2,0,failed,INR
P01595,O01889,2026-04-08T15:47:00Z,cod,21.19,0,refunded,USD
P00751,O00994,2025-12-23T22:42:00+05:30,netbanking,1057.75,0,captured,INR
P00492,O01035,2026-01-27T13:54:00+05:30,cod,704.15,0,captured,INR
P00215,O00405,2026-01-18T21:18:00+05:30,wallet,11.66,0,captured,USD
P01040,O01958,2026-01-12T10:28:00Z,upi,573.02,0,captured,INR
P02129,O01511,2026-04-02T01:29:00+05:30,card,8.7,0,captured,USD
P00703,O01605,2026-04-29T17:34:00+05:30,card,2527.73,0,failed,INR
P02337,O01442,2026-07-02T20:29:00+05:30,cod,64.76,0,captured,USD
P00317,O01042,2026-07-09T22:07:00+05:30,card,849.73,0,captured,INR
P01720,O01663,2026-04-20T00:26:00Z,card,636.72,0,captured,INR
P02692,O00859,25-06-2025 22:09,upi,3557.63,0,captured,INR
P00902,O00283,2026-07-14T00:36:00Z,,787.65,0,captured,INR
P02323,O00507,2026-03-18T22:18:00+05:30,card,4463.06,0,captured,INR
P00196,O00797,31-05-2026 06:29,card,1825.44,0,captured,INR
P02543,O01390,2025-05-04T03:36:00Z,cod,13.84,0,captured,USD
P00310,O00788,2026-01-19T13:11:00+05:30,card,52.7,0.1,captured,USD
P00535,O00726,22-04-2025 18:17,,32.56,0,captured,USD
P02273,O00741,24-05-2026 21:05,wallet,2816.51,0,captured,INR
P02603,O01465,2025-10-05T04:20:00+05:30,upi,29.05,0,captured,USD
P00291,O01926,2026-02-23T09:27:00+05:30,card,344.88,0,failed,INR
P00194,O01734,05-05-2026 10:11,netbanking,700.14,0,failed,INR
P00009,O01161,2026-07-05T04:33:00Z,cod,755.07,0,captured,INR
P00058,O01666,2025-12-11T03:39:00+05:30,card,5098.9,0,captured,INR
P01424,O00184,17-04-2026 05:17,card,4.74,0,refunded,USD
P01269,O01195,2026-02-24T13:11:00+05:30,card,1420.86,0,failed,INR
P00733,O00560,2026-04-05T01:39:00Z,netbanking,758.67,0,captured,INR
P01896,O01760,2026-05-31T05:04:00Z,card,1705.53,50,captured,INR
P02232,O00005,2026-01-30T01:19:00+05:30,upi,1774.68,0,failed,INR
P01713,O00411,2026-06-28T12:57:00+05:30,wallet,576.79,0,captured,INR
P01775,O00539,2026-05-27T11:22:00+05:30,card,781.36,30,captured,INR
P02275,O01031,2026-03-27T01:14:00Z,netbanking,33.41,0,captured,USD
